-- MySQL dump 10.13  Distrib 8.0.27, for Linux (x86_64)
--
-- Host: localhost    Database: sylius_prod
-- ------------------------------------------------------
-- Server version	8.0.27

/*!40101 SET @OLD_CHARACTER_SET_CLIENT=@@CHARACTER_SET_CLIENT */;
/*!40101 SET @OLD_CHARACTER_SET_RESULTS=@@CHARACTER_SET_RESULTS */;
/*!40101 SET @OLD_COLLATION_CONNECTION=@@COLLATION_CONNECTION */;
/*!50503 SET NAMES utf8mb4 */;
/*!40103 SET @OLD_TIME_ZONE=@@TIME_ZONE */;
/*!40103 SET TIME_ZONE='+00:00' */;
/*!40014 SET @OLD_UNIQUE_CHECKS=@@UNIQUE_CHECKS, UNIQUE_CHECKS=0 */;
/*!40014 SET @OLD_FOREIGN_KEY_CHECKS=@@FOREIGN_KEY_CHECKS, FOREIGN_KEY_CHECKS=0 */;
/*!40101 SET @OLD_SQL_MODE=@@SQL_MODE, SQL_MODE='NO_AUTO_VALUE_ON_ZERO' */;
/*!40111 SET @OLD_SQL_NOTES=@@SQL_NOTES, SQL_NOTES=0 */;

--
-- Table structure for table `odiseo_vendor`
--

DROP TABLE IF EXISTS `odiseo_vendor`;
/*!40101 SET @saved_cs_client     = @@character_set_client */;
/*!50503 SET character_set_client = utf8mb4 */;
CREATE TABLE `odiseo_vendor` (
  `id` int NOT NULL AUTO_INCREMENT,
  `name` varchar(255) CHARACTER SET utf8mb4 COLLATE utf8mb4_unicode_ci NOT NULL,
  `slug` varchar(255) CHARACTER SET utf8mb4 COLLATE utf8mb4_unicode_ci NOT NULL,
  `email` varchar(255) CHARACTER SET utf8mb4 COLLATE utf8mb4_unicode_ci NOT NULL,
  `logo_name` varchar(255) CHARACTER SET utf8mb4 COLLATE utf8mb4_unicode_ci NOT NULL,
  `enabled` tinyint(1) NOT NULL,
  `position` int NOT NULL,
  `created_at` datetime NOT NULL,
  `updated_at` datetime NOT NULL,
  PRIMARY KEY (`id`),
  UNIQUE KEY `UNIQ_B506F54F5E237E06` (`name`),
  UNIQUE KEY `UNIQ_B506F54F989D9B62` (`slug`),
  UNIQUE KEY `UNIQ_B506F54FE7927C74` (`email`)
) ENGINE=InnoDB DEFAULT CHARSET=utf8mb4 COLLATE=utf8mb4_unicode_ci;
/*!40101 SET character_set_client = @saved_cs_client */;

--
-- Dumping data for table `odiseo_vendor`
--

LOCK TABLES `odiseo_vendor` WRITE;
/*!40000 ALTER TABLE `odiseo_vendor` DISABLE KEYS */;
/*!40000 ALTER TABLE `odiseo_vendor` ENABLE KEYS */;
UNLOCK TABLES;

--
-- Table structure for table `odiseo_vendor_channels`
--

DROP TABLE IF EXISTS `odiseo_vendor_channels`;
/*!40101 SET @saved_cs_client     = @@character_set_client */;
/*!50503 SET character_set_client = utf8mb4 */;
CREATE TABLE `odiseo_vendor_channels` (
  `channel_id` int NOT NULL,
  `vendor_id` int NOT NULL,
  PRIMARY KEY (`channel_id`,`vendor_id`),
  KEY `IDX_42A3C6D272F5A1AA` (`channel_id`),
  KEY `IDX_42A3C6D2F603EE73` (`vendor_id`),
  CONSTRAINT `FK_42A3C6D272F5A1AA` FOREIGN KEY (`channel_id`) REFERENCES `sylius_channel` (`id`),
  CONSTRAINT `FK_42A3C6D2F603EE73` FOREIGN KEY (`vendor_id`) REFERENCES `odiseo_vendor` (`id`)
) ENGINE=InnoDB DEFAULT CHARSET=utf8mb4 COLLATE=utf8mb4_unicode_ci;
/*!40101 SET character_set_client = @saved_cs_client */;

--
-- Dumping data for table `odiseo_vendor_channels`
--

LOCK TABLES `odiseo_vendor_channels` WRITE;
/*!40000 ALTER TABLE `odiseo_vendor_channels` DISABLE KEYS */;
/*!40000 ALTER TABLE `odiseo_vendor_channels` ENABLE KEYS */;
UNLOCK TABLES;

--
-- Table structure for table `odiseo_vendor_email`
--

DROP TABLE IF EXISTS `odiseo_vendor_email`;
/*!40101 SET @saved_cs_client     = @@character_set_client */;
/*!50503 SET character_set_client = utf8mb4 */;
CREATE TABLE `odiseo_vendor_email` (
  `id` int NOT NULL AUTO_INCREMENT,
  `vendor_id` int NOT NULL,
  `value` varchar(255) CHARACTER SET utf8mb4 COLLATE utf8mb4_unicode_ci NOT NULL,
  `created_at` datetime NOT NULL,
  `updated_at` datetime NOT NULL,
  PRIMARY KEY (`id`),
  KEY `IDX_F58E945BF603EE73` (`vendor_id`),
  CONSTRAINT `FK_F58E945BF603EE73` FOREIGN KEY (`vendor_id`) REFERENCES `odiseo_vendor` (`id`) ON DELETE CASCADE
) ENGINE=InnoDB DEFAULT CHARSET=utf8mb4 COLLATE=utf8mb4_unicode_ci;
/*!40101 SET character_set_client = @saved_cs_client */;

--
-- Dumping data for table `odiseo_vendor_email`
--

LOCK TABLES `odiseo_vendor_email` WRITE;
/*!40000 ALTER TABLE `odiseo_vendor_email` DISABLE KEYS */;
/*!40000 ALTER TABLE `odiseo_vendor_email` ENABLE KEYS */;
UNLOCK TABLES;

--
-- Table structure for table `odiseo_vendor_translation`
--

DROP TABLE IF EXISTS `odiseo_vendor_translation`;
/*!40101 SET @saved_cs_client     = @@character_set_client */;
/*!50503 SET character_set_client = utf8mb4 */;
CREATE TABLE `odiseo_vendor_translation` (
  `id` int NOT NULL AUTO_INCREMENT,
  `translatable_id` int NOT NULL,
  `description` longtext CHARACTER SET utf8mb4 COLLATE utf8mb4_unicode_ci NOT NULL,
  `created_at` datetime NOT NULL,
  `updated_at` datetime NOT NULL,
  `locale` varchar(255) CHARACTER SET utf8mb4 COLLATE utf8mb4_unicode_ci NOT NULL,
  PRIMARY KEY (`id`),
  UNIQUE KEY `odiseo_vendor_translation_uniq_trans` (`translatable_id`,`locale`),
  KEY `IDX_5F5AE1AB2C2AC5D3` (`translatable_id`),
  CONSTRAINT `FK_5F5AE1AB2C2AC5D3` FOREIGN KEY (`translatable_id`) REFERENCES `odiseo_vendor` (`id`) ON DELETE CASCADE
) ENGINE=InnoDB DEFAULT CHARSET=utf8mb4 COLLATE=utf8mb4_unicode_ci;
/*!40101 SET character_set_client = @saved_cs_client */;

--
-- Dumping data for table `odiseo_vendor_translation`
--

LOCK TABLES `odiseo_vendor_translation` WRITE;
/*!40000 ALTER TABLE `odiseo_vendor_translation` DISABLE KEYS */;
/*!40000 ALTER TABLE `odiseo_vendor_translation` ENABLE KEYS */;
UNLOCK TABLES;

--
-- Table structure for table `sylius_address`
--

DROP TABLE IF EXISTS `sylius_address`;
/*!40101 SET @saved_cs_client     = @@character_set_client */;
/*!50503 SET character_set_client = utf8mb4 */;
CREATE TABLE `sylius_address` (
  `id` int NOT NULL AUTO_INCREMENT,
  `customer_id` int DEFAULT NULL,
  `first_name` varchar(255) CHARACTER SET utf8mb4 COLLATE utf8mb4_unicode_ci NOT NULL,
  `last_name` varchar(255) CHARACTER SET utf8mb4 COLLATE utf8mb4_unicode_ci NOT NULL,
  `phone_number` varchar(255) CHARACTER SET utf8mb4 COLLATE utf8mb4_unicode_ci DEFAULT NULL,
  `street` varchar(255) CHARACTER SET utf8mb4 COLLATE utf8mb4_unicode_ci NOT NULL,
  `company` varchar(255) CHARACTER SET utf8mb4 COLLATE utf8mb4_unicode_ci DEFAULT NULL,
  `city` varchar(255) CHARACTER SET utf8mb4 COLLATE utf8mb4_unicode_ci NOT NULL,
  `postcode` varchar(255) CHARACTER SET utf8mb4 COLLATE utf8mb4_unicode_ci NOT NULL,
  `created_at` datetime NOT NULL,
  `updated_at` datetime DEFAULT NULL,
  `country_code` varchar(255) CHARACTER SET utf8mb4 COLLATE utf8mb4_unicode_ci NOT NULL,
  `province_code` varchar(255) CHARACTER SET utf8mb4 COLLATE utf8mb4_unicode_ci DEFAULT NULL,
  `province_name` varchar(255) CHARACTER SET utf8mb4 COLLATE utf8mb4_unicode_ci DEFAULT NULL,
  PRIMARY KEY (`id`),
  KEY `IDX_B97FF0589395C3F3` (`customer_id`),
  CONSTRAINT `FK_B97FF0589395C3F3` FOREIGN KEY (`customer_id`) REFERENCES `sylius_customer` (`id`) ON DELETE CASCADE
) ENGINE=InnoDB AUTO_INCREMENT=71 DEFAULT CHARSET=utf8mb4 COLLATE=utf8mb4_unicode_ci;
/*!40101 SET character_set_client = @saved_cs_client */;

--
-- Dumping data for table `sylius_address`
--

LOCK TABLES `sylius_address` WRITE;
/*!40000 ALTER TABLE `sylius_address` DISABLE KEYS */;
/*!40000 ALTER TABLE `sylius_address` ENABLE KEYS */;
UNLOCK TABLES;

--
-- Table structure for table `sylius_address_log_entries`
--

DROP TABLE IF EXISTS `sylius_address_log_entries`;
/*!40101 SET @saved_cs_client     = @@character_set_client */;
/*!50503 SET character_set_client = utf8mb4 */;
CREATE TABLE `sylius_address_log_entries` (
  `id` int NOT NULL AUTO_INCREMENT,
  `action` varchar(255) CHARACTER SET utf8mb4 COLLATE utf8mb4_unicode_ci NOT NULL,
  `logged_at` datetime NOT NULL,
  `object_id` varchar(64) CHARACTER SET utf8mb4 COLLATE utf8mb4_unicode_ci DEFAULT NULL,
  `object_class` varchar(255) CHARACTER SET utf8mb4 COLLATE utf8mb4_unicode_ci NOT NULL,
  `version` int NOT NULL,
  `data` longtext CHARACTER SET utf8mb4 COLLATE utf8mb4_unicode_ci NOT NULL COMMENT '(DC2Type:array)',
  `username` varchar(255) CHARACTER SET utf8mb4 COLLATE utf8mb4_unicode_ci DEFAULT NULL,
  PRIMARY KEY (`id`)
) ENGINE=InnoDB AUTO_INCREMENT=71 DEFAULT CHARSET=utf8mb4 COLLATE=utf8mb4_unicode_ci;
/*!40101 SET character_set_client = @saved_cs_client */;

--
-- Dumping data for table `sylius_address_log_entries`
--

LOCK TABLES `sylius_address_log_entries` WRITE;
/*!40000 ALTER TABLE `sylius_address_log_entries` DISABLE KEYS */;
/*!40000 ALTER TABLE `sylius_address_log_entries` ENABLE KEYS */;
UNLOCK TABLES;

--
-- Table structure for table `sylius_adjustment`
--

DROP TABLE IF EXISTS `sylius_adjustment`;
/*!40101 SET @saved_cs_client     = @@character_set_client */;
/*!50503 SET character_set_client = utf8mb4 */;
CREATE TABLE `sylius_adjustment` (
  `id` int NOT NULL AUTO_INCREMENT,
  `order_id` int DEFAULT NULL,
  `order_item_id` int DEFAULT NULL,
  `order_item_unit_id` int DEFAULT NULL,
  `shipment_id` int DEFAULT NULL,
  `type` varchar(255) CHARACTER SET utf8mb4 COLLATE utf8mb4_unicode_ci NOT NULL,
  `label` varchar(255) CHARACTER SET utf8mb4 COLLATE utf8mb4_unicode_ci DEFAULT NULL,
  `amount` int NOT NULL,
  `is_neutral` tinyint(1) NOT NULL,
  `is_locked` tinyint(1) NOT NULL,
  `origin_code` varchar(255) CHARACTER SET utf8mb4 COLLATE utf8mb4_unicode_ci DEFAULT NULL,
  `details` json NOT NULL,
  `created_at` datetime NOT NULL,
  `updated_at` datetime DEFAULT NULL,
  PRIMARY KEY (`id`),
  KEY `IDX_ACA6E0F28D9F6D38` (`order_id`),
  KEY `IDX_ACA6E0F2E415FB15` (`order_item_id`),
  KEY `IDX_ACA6E0F2F720C233` (`order_item_unit_id`),
  KEY `IDX_ACA6E0F27BE036FC` (`shipment_id`),
  CONSTRAINT `FK_ACA6E0F27BE036FC` FOREIGN KEY (`shipment_id`) REFERENCES `sylius_shipment` (`id`) ON DELETE CASCADE,
  CONSTRAINT `FK_ACA6E0F28D9F6D38` FOREIGN KEY (`order_id`) REFERENCES `sylius_order` (`id`) ON DELETE CASCADE,
  CONSTRAINT `FK_ACA6E0F2E415FB15` FOREIGN KEY (`order_item_id`) REFERENCES `sylius_order_item` (`id`) ON DELETE CASCADE,
  CONSTRAINT `FK_ACA6E0F2F720C233` FOREIGN KEY (`order_item_unit_id`) REFERENCES `sylius_order_item_unit` (`id`) ON DELETE CASCADE
) ENGINE=InnoDB AUTO_INCREMENT=106 DEFAULT CHARSET=utf8mb4 COLLATE=utf8mb4_unicode_ci;
/*!40101 SET character_set_client = @saved_cs_client */;

--
-- Dumping data for table `sylius_adjustment`
--

LOCK TABLES `sylius_adjustment` WRITE;
/*!40000 ALTER TABLE `sylius_adjustment` DISABLE KEYS */;
/*!40000 ALTER TABLE `sylius_adjustment` ENABLE KEYS */;
UNLOCK TABLES;

--
-- Table structure for table `sylius_admin_user`
--

DROP TABLE IF EXISTS `sylius_admin_user`;
/*!40101 SET @saved_cs_client     = @@character_set_client */;
/*!50503 SET character_set_client = utf8mb4 */;
CREATE TABLE `sylius_admin_user` (
  `id` int NOT NULL AUTO_INCREMENT,
  `username` varchar(255) CHARACTER SET utf8mb4 COLLATE utf8mb4_unicode_ci DEFAULT NULL,
  `username_canonical` varchar(255) CHARACTER SET utf8mb4 COLLATE utf8mb4_unicode_ci DEFAULT NULL,
  `enabled` tinyint(1) NOT NULL,
  `salt` varchar(255) CHARACTER SET utf8mb4 COLLATE utf8mb4_unicode_ci NOT NULL,
  `password` varchar(255) CHARACTER SET utf8mb4 COLLATE utf8mb4_unicode_ci DEFAULT NULL,
  `encoder_name` varchar(255) CHARACTER SET utf8mb4 COLLATE utf8mb4_unicode_ci DEFAULT NULL,
  `last_login` datetime DEFAULT NULL,
  `password_reset_token` varchar(255) CHARACTER SET utf8mb4 COLLATE utf8mb4_unicode_ci DEFAULT NULL,
  `password_requested_at` datetime DEFAULT NULL,
  `email_verification_token` varchar(255) CHARACTER SET utf8mb4 COLLATE utf8mb4_unicode_ci DEFAULT NULL,
  `verified_at` datetime DEFAULT NULL,
  `locked` tinyint(1) NOT NULL,
  `expires_at` datetime DEFAULT NULL,
  `credentials_expire_at` datetime DEFAULT NULL,
  `roles` longtext CHARACTER SET utf8mb4 COLLATE utf8mb4_unicode_ci NOT NULL COMMENT '(DC2Type:array)',
  `email` varchar(255) CHARACTER SET utf8mb4 COLLATE utf8mb4_unicode_ci DEFAULT NULL,
  `email_canonical` varchar(255) CHARACTER SET utf8mb4 COLLATE utf8mb4_unicode_ci DEFAULT NULL,
  `created_at` datetime NOT NULL,
  `updated_at` datetime DEFAULT NULL,
  `first_name` varchar(255) CHARACTER SET utf8mb4 COLLATE utf8mb4_unicode_ci DEFAULT NULL,
  `last_name` varchar(255) CHARACTER SET utf8mb4 COLLATE utf8mb4_unicode_ci DEFAULT NULL,
  `locale_code` varchar(12) CHARACTER SET utf8mb4 COLLATE utf8mb4_unicode_ci NOT NULL,
  PRIMARY KEY (`id`)
) ENGINE=InnoDB AUTO_INCREMENT=11 DEFAULT CHARSET=utf8mb4 COLLATE=utf8mb4_unicode_ci;
/*!40101 SET character_set_client = @saved_cs_client */;

--
-- Dumping data for table `sylius_admin_user`
--

LOCK TABLES `sylius_admin_user` WRITE;
/*!40000 ALTER TABLE `sylius_admin_user` DISABLE KEYS */;
INSERT INTO `sylius_admin_user` VALUES (9,'swibeco','swibeco',1,'97fvliqq85c0gok0gw444s0wskkswk4','$argon2i$v=19$m=65536,t=4,p=1$clJOQlZva1lEcHBWYXZNOQ$rdwtOn70IDzQX5S02TU4xcKCPe6VUH020DBabCyhPvE','argon2i',NULL,NULL,NULL,NULL,NULL,0,NULL,NULL,'a:1:{i:0;s:26:\"ROLE_ADMINISTRATION_ACCESS\";}','swibeco@example.com','swibeco@example.com','2021-11-28 10:49:17','2021-11-28 10:49:17','John','Doe','en_US'),(10,'api','api',1,'p5asnobqzioc0gkg84kckggs4ockoo0','$argon2i$v=19$m=65536,t=4,p=1$MmJYd2tCbW82QWN5dEZuOQ$ITa1UaE0Vy9+Mr7pRgOmT3DFgUZv+qIdQ/8QO7MsnpU','argon2i',NULL,NULL,NULL,NULL,NULL,0,NULL,NULL,'a:2:{i:0;s:26:\"ROLE_ADMINISTRATION_ACCESS\";i:1;s:15:\"ROLE_API_ACCESS\";}','api@example.com','api@example.com','2021-11-28 10:49:18','2021-11-28 10:49:18','Luke','Brushwood','en_US');
/*!40000 ALTER TABLE `sylius_admin_user` ENABLE KEYS */;
UNLOCK TABLES;

--
-- Table structure for table `sylius_avatar_image`
--

DROP TABLE IF EXISTS `sylius_avatar_image`;
/*!40101 SET @saved_cs_client     = @@character_set_client */;
/*!50503 SET character_set_client = utf8mb4 */;
CREATE TABLE `sylius_avatar_image` (
  `id` int NOT NULL AUTO_INCREMENT,
  `owner_id` int NOT NULL,
  `type` varchar(255) CHARACTER SET utf8mb4 COLLATE utf8mb4_unicode_ci DEFAULT NULL,
  `path` varchar(255) CHARACTER SET utf8mb4 COLLATE utf8mb4_unicode_ci NOT NULL,
  PRIMARY KEY (`id`),
  UNIQUE KEY `UNIQ_1068A3A97E3C61F9` (`owner_id`),
  CONSTRAINT `FK_1068A3A97E3C61F9` FOREIGN KEY (`owner_id`) REFERENCES `sylius_admin_user` (`id`) ON DELETE CASCADE
) ENGINE=InnoDB AUTO_INCREMENT=11 DEFAULT CHARSET=utf8mb4 COLLATE=utf8mb4_unicode_ci;
/*!40101 SET character_set_client = @saved_cs_client */;

--
-- Dumping data for table `sylius_avatar_image`
--

LOCK TABLES `sylius_avatar_image` WRITE;
/*!40000 ALTER TABLE `sylius_avatar_image` DISABLE KEYS */;
INSERT INTO `sylius_avatar_image` VALUES (9,9,NULL,'a6/a4/54c84cbfc0491c976186f3bd5c85.jpg'),(10,10,NULL,'47/9a/4ddb496b8ae559fa0b2484ff8759.jpg');
/*!40000 ALTER TABLE `sylius_avatar_image` ENABLE KEYS */;
UNLOCK TABLES;

--
-- Table structure for table `sylius_channel`
--

DROP TABLE IF EXISTS `sylius_channel`;
/*!40101 SET @saved_cs_client     = @@character_set_client */;
/*!50503 SET character_set_client = utf8mb4 */;
CREATE TABLE `sylius_channel` (
  `id` int NOT NULL AUTO_INCREMENT,
  `default_locale_id` int NOT NULL,
  `base_currency_id` int NOT NULL,
  `default_tax_zone_id` int DEFAULT NULL,
  `menu_taxon_id` int DEFAULT NULL,
  `shop_billing_data_id` int DEFAULT NULL,
  `code` varchar(255) CHARACTER SET utf8mb4 COLLATE utf8mb4_unicode_ci NOT NULL,
  `name` varchar(255) CHARACTER SET utf8mb4 COLLATE utf8mb4_unicode_ci NOT NULL,
  `color` varchar(255) CHARACTER SET utf8mb4 COLLATE utf8mb4_unicode_ci DEFAULT NULL,
  `description` longtext CHARACTER SET utf8mb4 COLLATE utf8mb4_unicode_ci,
  `enabled` tinyint(1) NOT NULL,
  `hostname` varchar(255) CHARACTER SET utf8mb4 COLLATE utf8mb4_unicode_ci DEFAULT NULL,
  `created_at` datetime NOT NULL,
  `updated_at` datetime DEFAULT NULL,
  `theme_name` varchar(255) CHARACTER SET utf8mb4 COLLATE utf8mb4_unicode_ci DEFAULT NULL,
  `tax_calculation_strategy` varchar(255) CHARACTER SET utf8mb4 COLLATE utf8mb4_unicode_ci NOT NULL,
  `contact_email` varchar(255) CHARACTER SET utf8mb4 COLLATE utf8mb4_unicode_ci DEFAULT NULL,
  `contact_phone_number` varchar(255) CHARACTER SET utf8mb4 COLLATE utf8mb4_unicode_ci DEFAULT NULL,
  `skipping_shipping_step_allowed` tinyint(1) NOT NULL,
  `skipping_payment_step_allowed` tinyint(1) NOT NULL,
  `account_verification_required` tinyint(1) NOT NULL,
  PRIMARY KEY (`id`),
  UNIQUE KEY `UNIQ_16C8119E77153098` (`code`),
  UNIQUE KEY `UNIQ_16C8119EB5282EDF` (`shop_billing_data_id`),
  KEY `IDX_16C8119E743BF776` (`default_locale_id`),
  KEY `IDX_16C8119E3101778E` (`base_currency_id`),
  KEY `IDX_16C8119EA978C17` (`default_tax_zone_id`),
  KEY `IDX_16C8119EF242B1E6` (`menu_taxon_id`),
  KEY `IDX_16C8119EE551C011` (`hostname`),
  CONSTRAINT `FK_16C8119E3101778E` FOREIGN KEY (`base_currency_id`) REFERENCES `sylius_currency` (`id`),
  CONSTRAINT `FK_16C8119E743BF776` FOREIGN KEY (`default_locale_id`) REFERENCES `sylius_locale` (`id`),
  CONSTRAINT `FK_16C8119EA978C17` FOREIGN KEY (`default_tax_zone_id`) REFERENCES `sylius_zone` (`id`) ON DELETE SET NULL,
  CONSTRAINT `FK_16C8119EB5282EDF` FOREIGN KEY (`shop_billing_data_id`) REFERENCES `sylius_shop_billing_data` (`id`) ON DELETE CASCADE,
  CONSTRAINT `FK_16C8119EF242B1E6` FOREIGN KEY (`menu_taxon_id`) REFERENCES `sylius_taxon` (`id`) ON DELETE SET NULL
) ENGINE=InnoDB AUTO_INCREMENT=7 DEFAULT CHARSET=utf8mb4 COLLATE=utf8mb4_unicode_ci;
/*!40101 SET character_set_client = @saved_cs_client */;

--
-- Dumping data for table `sylius_channel`
--

LOCK TABLES `sylius_channel` WRITE;
/*!40000 ALTER TABLE `sylius_channel` DISABLE KEYS */;
INSERT INTO `sylius_channel` VALUES (6,41,49,11,16,6,'SWIBECO_WEB_STORE','Swibeco web store','LimeGreen',NULL,1,'localhost','2021-11-28 10:48:53','2021-11-28 10:48:53',NULL,'order_items_based','contact@example.com','+41 123 456 789',0,0,1);
/*!40000 ALTER TABLE `sylius_channel` ENABLE KEYS */;
UNLOCK TABLES;

--
-- Table structure for table `sylius_channel_countries`
--

DROP TABLE IF EXISTS `sylius_channel_countries`;
/*!40101 SET @saved_cs_client     = @@character_set_client */;
/*!50503 SET character_set_client = utf8mb4 */;
CREATE TABLE `sylius_channel_countries` (
  `channel_id` int NOT NULL,
  `country_id` int NOT NULL,
  PRIMARY KEY (`channel_id`,`country_id`),
  KEY `IDX_D96E51AE72F5A1AA` (`channel_id`),
  KEY `IDX_D96E51AEF92F3E70` (`country_id`),
  CONSTRAINT `FK_D96E51AE72F5A1AA` FOREIGN KEY (`channel_id`) REFERENCES `sylius_channel` (`id`) ON DELETE CASCADE,
  CONSTRAINT `FK_D96E51AEF92F3E70` FOREIGN KEY (`country_id`) REFERENCES `sylius_country` (`id`) ON DELETE CASCADE
) ENGINE=InnoDB DEFAULT CHARSET=utf8mb4 COLLATE=utf8mb4_unicode_ci;
/*!40101 SET character_set_client = @saved_cs_client */;

--
-- Dumping data for table `sylius_channel_countries`
--

LOCK TABLES `sylius_channel_countries` WRITE;
/*!40000 ALTER TABLE `sylius_channel_countries` DISABLE KEYS */;
/*!40000 ALTER TABLE `sylius_channel_countries` ENABLE KEYS */;
UNLOCK TABLES;

--
-- Table structure for table `sylius_channel_currencies`
--

DROP TABLE IF EXISTS `sylius_channel_currencies`;
/*!40101 SET @saved_cs_client     = @@character_set_client */;
/*!50503 SET character_set_client = utf8mb4 */;
CREATE TABLE `sylius_channel_currencies` (
  `channel_id` int NOT NULL,
  `currency_id` int NOT NULL,
  PRIMARY KEY (`channel_id`,`currency_id`),
  KEY `IDX_AE491F9372F5A1AA` (`channel_id`),
  KEY `IDX_AE491F9338248176` (`currency_id`),
  CONSTRAINT `FK_AE491F9338248176` FOREIGN KEY (`currency_id`) REFERENCES `sylius_currency` (`id`) ON DELETE CASCADE,
  CONSTRAINT `FK_AE491F9372F5A1AA` FOREIGN KEY (`channel_id`) REFERENCES `sylius_channel` (`id`) ON DELETE CASCADE
) ENGINE=InnoDB DEFAULT CHARSET=utf8mb4 COLLATE=utf8mb4_unicode_ci;
/*!40101 SET character_set_client = @saved_cs_client */;

--
-- Dumping data for table `sylius_channel_currencies`
--

LOCK TABLES `sylius_channel_currencies` WRITE;
/*!40000 ALTER TABLE `sylius_channel_currencies` DISABLE KEYS */;
INSERT INTO `sylius_channel_currencies` VALUES (6,49);
/*!40000 ALTER TABLE `sylius_channel_currencies` ENABLE KEYS */;
UNLOCK TABLES;

--
-- Table structure for table `sylius_channel_locales`
--

DROP TABLE IF EXISTS `sylius_channel_locales`;
/*!40101 SET @saved_cs_client     = @@character_set_client */;
/*!50503 SET character_set_client = utf8mb4 */;
CREATE TABLE `sylius_channel_locales` (
  `channel_id` int NOT NULL,
  `locale_id` int NOT NULL,
  PRIMARY KEY (`channel_id`,`locale_id`),
  KEY `IDX_786B7A8472F5A1AA` (`channel_id`),
  KEY `IDX_786B7A84E559DFD1` (`locale_id`),
  CONSTRAINT `FK_786B7A8472F5A1AA` FOREIGN KEY (`channel_id`) REFERENCES `sylius_channel` (`id`) ON DELETE CASCADE,
  CONSTRAINT `FK_786B7A84E559DFD1` FOREIGN KEY (`locale_id`) REFERENCES `sylius_locale` (`id`) ON DELETE CASCADE
) ENGINE=InnoDB DEFAULT CHARSET=utf8mb4 COLLATE=utf8mb4_unicode_ci;
/*!40101 SET character_set_client = @saved_cs_client */;

--
-- Dumping data for table `sylius_channel_locales`
--

LOCK TABLES `sylius_channel_locales` WRITE;
/*!40000 ALTER TABLE `sylius_channel_locales` DISABLE KEYS */;
INSERT INTO `sylius_channel_locales` VALUES (6,41);
/*!40000 ALTER TABLE `sylius_channel_locales` ENABLE KEYS */;
UNLOCK TABLES;

--
-- Table structure for table `sylius_channel_pricing`
--

DROP TABLE IF EXISTS `sylius_channel_pricing`;
/*!40101 SET @saved_cs_client     = @@character_set_client */;
/*!50503 SET character_set_client = utf8mb4 */;
CREATE TABLE `sylius_channel_pricing` (
  `id` int NOT NULL AUTO_INCREMENT,
  `product_variant_id` int NOT NULL,
  `price` int DEFAULT NULL,
  `original_price` int DEFAULT NULL,
  `channel_code` varchar(255) CHARACTER SET utf8mb4 COLLATE utf8mb4_unicode_ci NOT NULL,
  PRIMARY KEY (`id`),
  UNIQUE KEY `product_variant_channel_idx` (`product_variant_id`,`channel_code`),
  KEY `IDX_7801820CA80EF684` (`product_variant_id`),
  CONSTRAINT `FK_7801820CA80EF684` FOREIGN KEY (`product_variant_id`) REFERENCES `sylius_product_variant` (`id`) ON DELETE CASCADE
) ENGINE=InnoDB AUTO_INCREMENT=120 DEFAULT CHARSET=utf8mb4 COLLATE=utf8mb4_unicode_ci;
/*!40101 SET character_set_client = @saved_cs_client */;

--
-- Dumping data for table `sylius_channel_pricing`
--

LOCK TABLES `sylius_channel_pricing` WRITE;
/*!40000 ALTER TABLE `sylius_channel_pricing` DISABLE KEYS */;
/*!40000 ALTER TABLE `sylius_channel_pricing` ENABLE KEYS */;
UNLOCK TABLES;

--
-- Table structure for table `sylius_country`
--

DROP TABLE IF EXISTS `sylius_country`;
/*!40101 SET @saved_cs_client     = @@character_set_client */;
/*!50503 SET character_set_client = utf8mb4 */;
CREATE TABLE `sylius_country` (
  `id` int NOT NULL AUTO_INCREMENT,
  `code` varchar(2) CHARACTER SET utf8mb4 COLLATE utf8mb4_unicode_ci NOT NULL,
  `enabled` tinyint(1) NOT NULL,
  PRIMARY KEY (`id`),
  UNIQUE KEY `UNIQ_E74256BF77153098` (`code`),
  KEY `IDX_E74256BF77153098` (`code`)
) ENGINE=InnoDB AUTO_INCREMENT=77 DEFAULT CHARSET=utf8mb4 COLLATE=utf8mb4_unicode_ci;
/*!40101 SET character_set_client = @saved_cs_client */;

--
-- Dumping data for table `sylius_country`
--

LOCK TABLES `sylius_country` WRITE;
/*!40000 ALTER TABLE `sylius_country` DISABLE KEYS */;
INSERT INTO `sylius_country` VALUES (64,'US',1),(65,'FR',1),(66,'DE',1),(67,'AU',1),(68,'CA',1),(69,'MX',1),(70,'NZ',1),(71,'PT',1),(72,'ES',1),(73,'CN',1),(74,'GB',1),(75,'PL',1),(76,'CH',1);
/*!40000 ALTER TABLE `sylius_country` ENABLE KEYS */;
UNLOCK TABLES;

--
-- Table structure for table `sylius_currency`
--

DROP TABLE IF EXISTS `sylius_currency`;
/*!40101 SET @saved_cs_client     = @@character_set_client */;
/*!50503 SET character_set_client = utf8mb4 */;
CREATE TABLE `sylius_currency` (
  `id` int NOT NULL AUTO_INCREMENT,
  `code` varchar(3) CHARACTER SET utf8mb4 COLLATE utf8mb4_unicode_ci NOT NULL,
  `created_at` datetime NOT NULL,
  `updated_at` datetime DEFAULT NULL,
  PRIMARY KEY (`id`),
  UNIQUE KEY `UNIQ_96EDD3D077153098` (`code`)
) ENGINE=InnoDB AUTO_INCREMENT=59 DEFAULT CHARSET=utf8mb4 COLLATE=utf8mb4_unicode_ci;
/*!40101 SET character_set_client = @saved_cs_client */;

--
-- Dumping data for table `sylius_currency`
--

LOCK TABLES `sylius_currency` WRITE;
/*!40000 ALTER TABLE `sylius_currency` DISABLE KEYS */;
INSERT INTO `sylius_currency` VALUES (49,'EUR','2021-11-28 10:48:53','2021-11-28 10:48:53'),(50,'USD','2021-11-28 10:48:53','2021-11-28 10:48:53'),(51,'PLN','2021-11-28 10:48:53','2021-11-28 10:48:53'),(52,'CAD','2021-11-28 10:48:53','2021-11-28 10:48:53'),(53,'CNY','2021-11-28 10:48:53','2021-11-28 10:48:53'),(54,'NZD','2021-11-28 10:48:53','2021-11-28 10:48:53'),(55,'GBP','2021-11-28 10:48:53','2021-11-28 10:48:53'),(56,'AUD','2021-11-28 10:48:53','2021-11-28 10:48:53'),(57,'MXN','2021-11-28 10:48:53','2021-11-28 10:48:53'),(58,'CHF','2021-11-28 10:48:53','2021-11-28 10:48:53');
/*!40000 ALTER TABLE `sylius_currency` ENABLE KEYS */;
UNLOCK TABLES;

--
-- Table structure for table `sylius_customer`
--

DROP TABLE IF EXISTS `sylius_customer`;
/*!40101 SET @saved_cs_client     = @@character_set_client */;
/*!50503 SET character_set_client = utf8mb4 */;
CREATE TABLE `sylius_customer` (
  `id` int NOT NULL AUTO_INCREMENT,
  `customer_group_id` int DEFAULT NULL,
  `default_address_id` int DEFAULT NULL,
  `email` varchar(255) CHARACTER SET utf8mb4 COLLATE utf8mb4_unicode_ci NOT NULL,
  `email_canonical` varchar(255) CHARACTER SET utf8mb4 COLLATE utf8mb4_unicode_ci NOT NULL,
  `first_name` varchar(255) CHARACTER SET utf8mb4 COLLATE utf8mb4_unicode_ci DEFAULT NULL,
  `last_name` varchar(255) CHARACTER SET utf8mb4 COLLATE utf8mb4_unicode_ci DEFAULT NULL,
  `birthday` datetime DEFAULT NULL,
  `gender` varchar(1) CHARACTER SET utf8mb4 COLLATE utf8mb4_unicode_ci NOT NULL DEFAULT 'u',
  `created_at` datetime NOT NULL,
  `updated_at` datetime DEFAULT NULL,
  `phone_number` varchar(255) CHARACTER SET utf8mb4 COLLATE utf8mb4_unicode_ci DEFAULT NULL,
  `subscribed_to_newsletter` tinyint(1) NOT NULL,
  PRIMARY KEY (`id`),
  UNIQUE KEY `UNIQ_7E82D5E6E7927C74` (`email`),
  UNIQUE KEY `UNIQ_7E82D5E6A0D96FBF` (`email_canonical`),
  UNIQUE KEY `UNIQ_7E82D5E6BD94FB16` (`default_address_id`),
  KEY `IDX_7E82D5E6D2919A68` (`customer_group_id`),
  CONSTRAINT `FK_7E82D5E6BD94FB16` FOREIGN KEY (`default_address_id`) REFERENCES `sylius_address` (`id`) ON DELETE SET NULL,
  CONSTRAINT `FK_7E82D5E6D2919A68` FOREIGN KEY (`customer_group_id`) REFERENCES `sylius_customer_group` (`id`)
) ENGINE=InnoDB AUTO_INCREMENT=106 DEFAULT CHARSET=utf8mb4 COLLATE=utf8mb4_unicode_ci;
/*!40101 SET character_set_client = @saved_cs_client */;

--
-- Dumping data for table `sylius_customer`
--

LOCK TABLES `sylius_customer` WRITE;
/*!40000 ALTER TABLE `sylius_customer` DISABLE KEYS */;
INSERT INTO `sylius_customer` VALUES (85,9,NULL,'shop@example.com','shop@example.com','John','Doe','1922-08-20 07:44:44','u','2021-11-28 10:48:54','2021-11-28 10:48:55','332-421-4837',0),(86,10,NULL,'carroll29@gmail.com','carroll29@gmail.com','Evan','Howe','1948-02-17 06:22:35','u','2021-11-28 10:48:55','2021-11-28 10:48:56','217-679-3086',0),(87,9,NULL,'prudence15@armstrong.com','prudence15@armstrong.com','Alayna','Carroll','2006-05-05 00:36:48','u','2021-11-28 10:48:56','2021-11-28 10:48:57','+1 (432) 518-2862',0),(88,10,NULL,'aauer@rau.com','aauer@rau.com','Bertrand','Kihn','2001-06-22 08:52:55','u','2021-11-28 10:48:57','2021-11-28 10:48:58','+1-724-504-5826',0),(89,9,NULL,'wbauch@schoen.com','wbauch@schoen.com','Hyman','Torphy','1942-03-16 09:18:21','u','2021-11-28 10:48:58','2021-11-28 10:48:59','+1.917.450.8879',0),(90,9,NULL,'hodkiewicz.destiny@hotmail.com','hodkiewicz.destiny@hotmail.com','Kianna','Bosco','1987-02-04 00:13:50','u','2021-11-28 10:48:59','2021-11-28 10:49:00','838.567.9755',0),(91,9,NULL,'abigayle.bogisich@gmail.com','abigayle.bogisich@gmail.com','Naomi','Schroeder','1957-07-24 05:45:22','u','2021-11-28 10:49:00','2021-11-28 10:49:01','(502) 338-8706',0),(92,9,NULL,'veronica67@mraz.biz','veronica67@mraz.biz','Carole','Adams','1947-06-22 23:44:24','u','2021-11-28 10:49:01','2021-11-28 10:49:02','(419) 990-3347',0),(93,10,NULL,'ismael.effertz@hilpert.net','ismael.effertz@hilpert.net','Vaughn','Wisoky','1931-05-09 23:45:17','u','2021-11-28 10:49:02','2021-11-28 10:49:04','539-938-5204',0),(94,9,NULL,'brekke.zora@gmail.com','brekke.zora@gmail.com','Bryon','Upton','2013-12-17 03:48:30','u','2021-11-28 10:49:04','2021-11-28 10:49:05','1-831-415-7107',0),(95,10,NULL,'hodkiewicz.cecilia@grady.com','hodkiewicz.cecilia@grady.com','Llewellyn','Wolf','2007-05-25 14:33:35','u','2021-11-28 10:49:05','2021-11-28 10:49:06','+1.479.493.3633',0),(96,10,NULL,'reichert.camden@hotmail.com','reichert.camden@hotmail.com','Anika','Anderson','1940-07-26 11:33:00','u','2021-11-28 10:49:06','2021-11-28 10:49:07','+12817629423',0),(97,10,NULL,'bernier.milan@hotmail.com','bernier.milan@hotmail.com','Vernice','Hintz','1978-04-28 06:24:21','u','2021-11-28 10:49:07','2021-11-28 10:49:08','207-405-3958',0),(98,9,NULL,'aurelia56@kuvalis.biz','aurelia56@kuvalis.biz','Lukas','Grimes','1929-06-22 17:45:58','u','2021-11-28 10:49:08','2021-11-28 10:49:09','+1 (743) 398-6980',0),(99,10,NULL,'tillman.angeline@gmail.com','tillman.angeline@gmail.com','Eleanore','Trantow','2004-06-07 08:36:41','u','2021-11-28 10:49:09','2021-11-28 10:49:10','650-368-2761',0),(100,10,NULL,'klein.gia@mayert.net','klein.gia@mayert.net','Corene','Runolfsson','2008-09-17 15:57:02','u','2021-11-28 10:49:10','2021-11-28 10:49:11','636.610.8974',0),(101,9,NULL,'nhermann@stoltenberg.net','nhermann@stoltenberg.net','Afton','Nicolas','2002-08-01 04:24:00','u','2021-11-28 10:49:11','2021-11-28 10:49:12','+1.386.978.0910',0),(102,9,NULL,'ystiedemann@mosciski.com','ystiedemann@mosciski.com','Ardith','Harris','1945-12-06 14:34:56','u','2021-11-28 10:49:12','2021-11-28 10:49:13','1-425-987-1720',0),(103,9,NULL,'kylie73@zboncak.org','kylie73@zboncak.org','Wilfredo','Turner','1921-12-31 07:55:22','u','2021-11-28 10:49:13','2021-11-28 10:49:14','+1-845-530-1536',0),(104,9,NULL,'pstamm@nolan.com','pstamm@nolan.com','Mckayla','Kshlerin','1924-04-26 15:32:33','u','2021-11-28 10:49:14','2021-11-28 10:49:15','1-650-768-3430',0),(105,10,NULL,'omer.mayer@hotmail.com','omer.mayer@hotmail.com','Ken','Botsford','1972-01-17 05:59:01','u','2021-11-28 10:49:15','2021-11-28 10:49:17','859-897-9670',0);
/*!40000 ALTER TABLE `sylius_customer` ENABLE KEYS */;
UNLOCK TABLES;

--
-- Table structure for table `sylius_customer_group`
--

DROP TABLE IF EXISTS `sylius_customer_group`;
/*!40101 SET @saved_cs_client     = @@character_set_client */;
/*!50503 SET character_set_client = utf8mb4 */;
CREATE TABLE `sylius_customer_group` (
  `id` int NOT NULL AUTO_INCREMENT,
  `code` varchar(255) CHARACTER SET utf8mb4 COLLATE utf8mb4_unicode_ci NOT NULL,
  `name` varchar(255) CHARACTER SET utf8mb4 COLLATE utf8mb4_unicode_ci NOT NULL,
  PRIMARY KEY (`id`),
  UNIQUE KEY `UNIQ_7FCF9B0577153098` (`code`)
) ENGINE=InnoDB AUTO_INCREMENT=11 DEFAULT CHARSET=utf8mb4 COLLATE=utf8mb4_unicode_ci;
/*!40101 SET character_set_client = @saved_cs_client */;

--
-- Dumping data for table `sylius_customer_group`
--

LOCK TABLES `sylius_customer_group` WRITE;
/*!40000 ALTER TABLE `sylius_customer_group` DISABLE KEYS */;
INSERT INTO `sylius_customer_group` VALUES (9,'retail','Retail'),(10,'wholesale','Wholesale');
/*!40000 ALTER TABLE `sylius_customer_group` ENABLE KEYS */;
UNLOCK TABLES;

--
-- Table structure for table `sylius_exchange_rate`
--

DROP TABLE IF EXISTS `sylius_exchange_rate`;
/*!40101 SET @saved_cs_client     = @@character_set_client */;
/*!50503 SET character_set_client = utf8mb4 */;
CREATE TABLE `sylius_exchange_rate` (
  `id` int NOT NULL AUTO_INCREMENT,
  `source_currency` int NOT NULL,
  `target_currency` int NOT NULL,
  `ratio` decimal(10,5) NOT NULL,
  `created_at` datetime NOT NULL,
  `updated_at` datetime DEFAULT NULL,
  PRIMARY KEY (`id`),
  UNIQUE KEY `UNIQ_5F52B852A76BEEDB3FD5856` (`source_currency`,`target_currency`),
  KEY `IDX_5F52B852A76BEED` (`source_currency`),
  KEY `IDX_5F52B85B3FD5856` (`target_currency`),
  CONSTRAINT `FK_5F52B852A76BEED` FOREIGN KEY (`source_currency`) REFERENCES `sylius_currency` (`id`) ON DELETE CASCADE,
  CONSTRAINT `FK_5F52B85B3FD5856` FOREIGN KEY (`target_currency`) REFERENCES `sylius_currency` (`id`) ON DELETE CASCADE
) ENGINE=InnoDB DEFAULT CHARSET=utf8mb4 COLLATE=utf8mb4_unicode_ci;
/*!40101 SET character_set_client = @saved_cs_client */;

--
-- Dumping data for table `sylius_exchange_rate`
--

LOCK TABLES `sylius_exchange_rate` WRITE;
/*!40000 ALTER TABLE `sylius_exchange_rate` DISABLE KEYS */;
/*!40000 ALTER TABLE `sylius_exchange_rate` ENABLE KEYS */;
UNLOCK TABLES;

--
-- Table structure for table `sylius_gateway_config`
--

DROP TABLE IF EXISTS `sylius_gateway_config`;
/*!40101 SET @saved_cs_client     = @@character_set_client */;
/*!50503 SET character_set_client = utf8mb4 */;
CREATE TABLE `sylius_gateway_config` (
  `id` int NOT NULL AUTO_INCREMENT,
  `gateway_name` varchar(255) CHARACTER SET utf8mb4 COLLATE utf8mb4_unicode_ci NOT NULL,
  `factory_name` varchar(255) CHARACTER SET utf8mb4 COLLATE utf8mb4_unicode_ci NOT NULL,
  `config` json NOT NULL COMMENT '(DC2Type:json_array)',
  PRIMARY KEY (`id`)
) ENGINE=InnoDB AUTO_INCREMENT=11 DEFAULT CHARSET=utf8mb4 COLLATE=utf8mb4_unicode_ci;
/*!40101 SET character_set_client = @saved_cs_client */;

--
-- Dumping data for table `sylius_gateway_config`
--

LOCK TABLES `sylius_gateway_config` WRITE;
/*!40000 ALTER TABLE `sylius_gateway_config` DISABLE KEYS */;
INSERT INTO `sylius_gateway_config` VALUES (9,'Offline','offline','[]'),(10,'Offline','offline','[]');
/*!40000 ALTER TABLE `sylius_gateway_config` ENABLE KEYS */;
UNLOCK TABLES;

--
-- Table structure for table `sylius_locale`
--

DROP TABLE IF EXISTS `sylius_locale`;
/*!40101 SET @saved_cs_client     = @@character_set_client */;
/*!50503 SET character_set_client = utf8mb4 */;
CREATE TABLE `sylius_locale` (
  `id` int NOT NULL AUTO_INCREMENT,
  `code` varchar(12) CHARACTER SET utf8mb4 COLLATE utf8mb4_unicode_ci NOT NULL,
  `created_at` datetime NOT NULL,
  `updated_at` datetime DEFAULT NULL,
  PRIMARY KEY (`id`),
  UNIQUE KEY `UNIQ_7BA1286477153098` (`code`)
) ENGINE=InnoDB AUTO_INCREMENT=49 DEFAULT CHARSET=utf8mb4 COLLATE=utf8mb4_unicode_ci;
/*!40101 SET character_set_client = @saved_cs_client */;

--
-- Dumping data for table `sylius_locale`
--

LOCK TABLES `sylius_locale` WRITE;
/*!40000 ALTER TABLE `sylius_locale` DISABLE KEYS */;
INSERT INTO `sylius_locale` VALUES (41,'en_US','2021-11-28 10:48:53','2021-11-28 10:48:53'),(42,'de_DE','2021-11-28 10:48:53','2021-11-28 10:48:53'),(43,'fr_FR','2021-11-28 10:48:53','2021-11-28 10:48:53'),(44,'pl_PL','2021-11-28 10:48:53','2021-11-28 10:48:53'),(45,'es_ES','2021-11-28 10:48:53','2021-11-28 10:48:53'),(46,'es_MX','2021-11-28 10:48:53','2021-11-28 10:48:53'),(47,'pt_PT','2021-11-28 10:48:53','2021-11-28 10:48:53'),(48,'zh_CN','2021-11-28 10:48:53','2021-11-28 10:48:53');
/*!40000 ALTER TABLE `sylius_locale` ENABLE KEYS */;
UNLOCK TABLES;

--
-- Table structure for table `sylius_order`
--

DROP TABLE IF EXISTS `sylius_order`;
/*!40101 SET @saved_cs_client     = @@character_set_client */;
/*!50503 SET character_set_client = utf8mb4 */;
CREATE TABLE `sylius_order` (
  `id` int NOT NULL AUTO_INCREMENT,
  `channel_id` int DEFAULT NULL,
  `promotion_coupon_id` int DEFAULT NULL,
  `customer_id` int DEFAULT NULL,
  `shipping_address_id` int DEFAULT NULL,
  `billing_address_id` int DEFAULT NULL,
  `number` varchar(255) CHARACTER SET utf8mb4 COLLATE utf8mb4_unicode_ci DEFAULT NULL,
  `notes` longtext CHARACTER SET utf8mb4 COLLATE utf8mb4_unicode_ci,
  `state` varchar(255) CHARACTER SET utf8mb4 COLLATE utf8mb4_unicode_ci NOT NULL,
  `checkout_completed_at` datetime DEFAULT NULL,
  `items_total` int NOT NULL,
  `adjustments_total` int NOT NULL,
  `total` int NOT NULL,
  `created_at` datetime NOT NULL,
  `updated_at` datetime DEFAULT NULL,
  `currency_code` varchar(3) CHARACTER SET utf8mb4 COLLATE utf8mb4_unicode_ci NOT NULL,
  `locale_code` varchar(255) CHARACTER SET utf8mb4 COLLATE utf8mb4_unicode_ci NOT NULL,
  `checkout_state` varchar(255) CHARACTER SET utf8mb4 COLLATE utf8mb4_unicode_ci NOT NULL,
  `payment_state` varchar(255) CHARACTER SET utf8mb4 COLLATE utf8mb4_unicode_ci NOT NULL,
  `shipping_state` varchar(255) CHARACTER SET utf8mb4 COLLATE utf8mb4_unicode_ci NOT NULL,
  `token_value` varchar(255) CHARACTER SET utf8mb4 COLLATE utf8mb4_unicode_ci DEFAULT NULL,
  `customer_ip` varchar(255) CHARACTER SET utf8mb4 COLLATE utf8mb4_unicode_ci DEFAULT NULL,
  PRIMARY KEY (`id`),
  UNIQUE KEY `UNIQ_6196A1F996901F54` (`number`),
  UNIQUE KEY `UNIQ_6196A1F9BEA95C75` (`token_value`),
  UNIQUE KEY `UNIQ_6196A1F94D4CFF2B` (`shipping_address_id`),
  UNIQUE KEY `UNIQ_6196A1F979D0C0E4` (`billing_address_id`),
  KEY `IDX_6196A1F972F5A1AA` (`channel_id`),
  KEY `IDX_6196A1F917B24436` (`promotion_coupon_id`),
  KEY `IDX_6196A1F99395C3F3` (`customer_id`),
  KEY `IDX_6196A1F9A393D2FB43625D9F` (`state`,`updated_at`),
  CONSTRAINT `FK_6196A1F917B24436` FOREIGN KEY (`promotion_coupon_id`) REFERENCES `sylius_promotion_coupon` (`id`),
  CONSTRAINT `FK_6196A1F94D4CFF2B` FOREIGN KEY (`shipping_address_id`) REFERENCES `sylius_address` (`id`),
  CONSTRAINT `FK_6196A1F972F5A1AA` FOREIGN KEY (`channel_id`) REFERENCES `sylius_channel` (`id`),
  CONSTRAINT `FK_6196A1F979D0C0E4` FOREIGN KEY (`billing_address_id`) REFERENCES `sylius_address` (`id`),
  CONSTRAINT `FK_6196A1F99395C3F3` FOREIGN KEY (`customer_id`) REFERENCES `sylius_customer` (`id`)
) ENGINE=InnoDB AUTO_INCREMENT=21 DEFAULT CHARSET=utf8mb4 COLLATE=utf8mb4_unicode_ci;
/*!40101 SET character_set_client = @saved_cs_client */;

--
-- Dumping data for table `sylius_order`
--

LOCK TABLES `sylius_order` WRITE;
/*!40000 ALTER TABLE `sylius_order` DISABLE KEYS */;
/*!40000 ALTER TABLE `sylius_order` ENABLE KEYS */;
UNLOCK TABLES;

--
-- Table structure for table `sylius_order_item`
--

DROP TABLE IF EXISTS `sylius_order_item`;
/*!40101 SET @saved_cs_client     = @@character_set_client */;
/*!50503 SET character_set_client = utf8mb4 */;
CREATE TABLE `sylius_order_item` (
  `id` int NOT NULL AUTO_INCREMENT,
  `order_id` int NOT NULL,
  `variant_id` int NOT NULL,
  `quantity` int NOT NULL,
  `unit_price` int NOT NULL,
  `units_total` int NOT NULL,
  `adjustments_total` int NOT NULL,
  `total` int NOT NULL,
  `is_immutable` tinyint(1) NOT NULL,
  `product_name` varchar(255) CHARACTER SET utf8mb4 COLLATE utf8mb4_unicode_ci DEFAULT NULL,
  `variant_name` varchar(255) CHARACTER SET utf8mb4 COLLATE utf8mb4_unicode_ci DEFAULT NULL,
  `version` int NOT NULL DEFAULT '1',
  PRIMARY KEY (`id`),
  KEY `IDX_77B587ED8D9F6D38` (`order_id`),
  KEY `IDX_77B587ED3B69A9AF` (`variant_id`),
  CONSTRAINT `FK_77B587ED3B69A9AF` FOREIGN KEY (`variant_id`) REFERENCES `sylius_product_variant` (`id`),
  CONSTRAINT `FK_77B587ED8D9F6D38` FOREIGN KEY (`order_id`) REFERENCES `sylius_order` (`id`) ON DELETE CASCADE
) ENGINE=InnoDB AUTO_INCREMENT=52 DEFAULT CHARSET=utf8mb4 COLLATE=utf8mb4_unicode_ci;
/*!40101 SET character_set_client = @saved_cs_client */;

--
-- Dumping data for table `sylius_order_item`
--

LOCK TABLES `sylius_order_item` WRITE;
/*!40000 ALTER TABLE `sylius_order_item` DISABLE KEYS */;
/*!40000 ALTER TABLE `sylius_order_item` ENABLE KEYS */;
UNLOCK TABLES;

--
-- Table structure for table `sylius_order_item_unit`
--

DROP TABLE IF EXISTS `sylius_order_item_unit`;
/*!40101 SET @saved_cs_client     = @@character_set_client */;
/*!50503 SET character_set_client = utf8mb4 */;
CREATE TABLE `sylius_order_item_unit` (
  `id` int NOT NULL AUTO_INCREMENT,
  `order_item_id` int NOT NULL,
  `shipment_id` int DEFAULT NULL,
  `adjustments_total` int NOT NULL,
  `created_at` datetime NOT NULL,
  `updated_at` datetime DEFAULT NULL,
  PRIMARY KEY (`id`),
  KEY `IDX_82BF226EE415FB15` (`order_item_id`),
  KEY `IDX_82BF226E7BE036FC` (`shipment_id`),
  CONSTRAINT `FK_82BF226E7BE036FC` FOREIGN KEY (`shipment_id`) REFERENCES `sylius_shipment` (`id`) ON DELETE SET NULL,
  CONSTRAINT `FK_82BF226EE415FB15` FOREIGN KEY (`order_item_id`) REFERENCES `sylius_order_item` (`id`) ON DELETE CASCADE
) ENGINE=InnoDB AUTO_INCREMENT=167 DEFAULT CHARSET=utf8mb4 COLLATE=utf8mb4_unicode_ci;
/*!40101 SET character_set_client = @saved_cs_client */;

--
-- Dumping data for table `sylius_order_item_unit`
--

LOCK TABLES `sylius_order_item_unit` WRITE;
/*!40000 ALTER TABLE `sylius_order_item_unit` DISABLE KEYS */;
/*!40000 ALTER TABLE `sylius_order_item_unit` ENABLE KEYS */;
UNLOCK TABLES;

--
-- Table structure for table `sylius_order_sequence`
--

DROP TABLE IF EXISTS `sylius_order_sequence`;
/*!40101 SET @saved_cs_client     = @@character_set_client */;
/*!50503 SET character_set_client = utf8mb4 */;
CREATE TABLE `sylius_order_sequence` (
  `id` int NOT NULL AUTO_INCREMENT,
  `idx` int NOT NULL,
  `version` int NOT NULL DEFAULT '1',
  PRIMARY KEY (`id`)
) ENGINE=InnoDB AUTO_INCREMENT=2 DEFAULT CHARSET=utf8mb4 COLLATE=utf8mb4_unicode_ci;
/*!40101 SET character_set_client = @saved_cs_client */;

--
-- Dumping data for table `sylius_order_sequence`
--

LOCK TABLES `sylius_order_sequence` WRITE;
/*!40000 ALTER TABLE `sylius_order_sequence` DISABLE KEYS */;
/*!40000 ALTER TABLE `sylius_order_sequence` ENABLE KEYS */;
UNLOCK TABLES;

--
-- Table structure for table `sylius_payment`
--

DROP TABLE IF EXISTS `sylius_payment`;
/*!40101 SET @saved_cs_client     = @@character_set_client */;
/*!50503 SET character_set_client = utf8mb4 */;
CREATE TABLE `sylius_payment` (
  `id` int NOT NULL AUTO_INCREMENT,
  `method_id` int DEFAULT NULL,
  `order_id` int NOT NULL,
  `currency_code` varchar(3) CHARACTER SET utf8mb4 COLLATE utf8mb4_unicode_ci NOT NULL,
  `amount` int NOT NULL,
  `state` varchar(255) CHARACTER SET utf8mb4 COLLATE utf8mb4_unicode_ci NOT NULL,
  `details` json NOT NULL COMMENT '(DC2Type:json_array)',
  `created_at` datetime NOT NULL,
  `updated_at` datetime DEFAULT NULL,
  PRIMARY KEY (`id`),
  KEY `IDX_D9191BD419883967` (`method_id`),
  KEY `IDX_D9191BD48D9F6D38` (`order_id`),
  CONSTRAINT `FK_D9191BD419883967` FOREIGN KEY (`method_id`) REFERENCES `sylius_payment_method` (`id`),
  CONSTRAINT `FK_D9191BD48D9F6D38` FOREIGN KEY (`order_id`) REFERENCES `sylius_order` (`id`) ON DELETE CASCADE
) ENGINE=InnoDB AUTO_INCREMENT=21 DEFAULT CHARSET=utf8mb4 COLLATE=utf8mb4_unicode_ci;
/*!40101 SET character_set_client = @saved_cs_client */;

--
-- Dumping data for table `sylius_payment`
--

LOCK TABLES `sylius_payment` WRITE;
/*!40000 ALTER TABLE `sylius_payment` DISABLE KEYS */;
/*!40000 ALTER TABLE `sylius_payment` ENABLE KEYS */;
UNLOCK TABLES;

--
-- Table structure for table `sylius_payment_method`
--

DROP TABLE IF EXISTS `sylius_payment_method`;
/*!40101 SET @saved_cs_client     = @@character_set_client */;
/*!50503 SET character_set_client = utf8mb4 */;
CREATE TABLE `sylius_payment_method` (
  `id` int NOT NULL AUTO_INCREMENT,
  `gateway_config_id` int DEFAULT NULL,
  `code` varchar(255) CHARACTER SET utf8mb4 COLLATE utf8mb4_unicode_ci NOT NULL,
  `environment` varchar(255) CHARACTER SET utf8mb4 COLLATE utf8mb4_unicode_ci DEFAULT NULL,
  `is_enabled` tinyint(1) NOT NULL,
  `position` int NOT NULL,
  `created_at` datetime NOT NULL,
  `updated_at` datetime DEFAULT NULL,
  PRIMARY KEY (`id`),
  UNIQUE KEY `UNIQ_A75B0B0D77153098` (`code`),
  KEY `IDX_A75B0B0DF23D6140` (`gateway_config_id`),
  CONSTRAINT `FK_A75B0B0DF23D6140` FOREIGN KEY (`gateway_config_id`) REFERENCES `sylius_gateway_config` (`id`) ON DELETE SET NULL
) ENGINE=InnoDB AUTO_INCREMENT=11 DEFAULT CHARSET=utf8mb4 COLLATE=utf8mb4_unicode_ci;
/*!40101 SET character_set_client = @saved_cs_client */;

--
-- Dumping data for table `sylius_payment_method`
--

LOCK TABLES `sylius_payment_method` WRITE;
/*!40000 ALTER TABLE `sylius_payment_method` DISABLE KEYS */;
INSERT INTO `sylius_payment_method` VALUES (9,9,'cash_on_delivery',NULL,1,0,'2021-11-28 10:48:53','2021-11-28 10:48:53'),(10,10,'bank_transfer',NULL,1,1,'2021-11-28 10:48:53','2021-11-28 10:48:53');
/*!40000 ALTER TABLE `sylius_payment_method` ENABLE KEYS */;
UNLOCK TABLES;

--
-- Table structure for table `sylius_payment_method_channels`
--

DROP TABLE IF EXISTS `sylius_payment_method_channels`;
/*!40101 SET @saved_cs_client     = @@character_set_client */;
/*!50503 SET character_set_client = utf8mb4 */;
CREATE TABLE `sylius_payment_method_channels` (
  `payment_method_id` int NOT NULL,
  `channel_id` int NOT NULL,
  PRIMARY KEY (`payment_method_id`,`channel_id`),
  KEY `IDX_543AC0CC5AA1164F` (`payment_method_id`),
  KEY `IDX_543AC0CC72F5A1AA` (`channel_id`),
  CONSTRAINT `FK_543AC0CC5AA1164F` FOREIGN KEY (`payment_method_id`) REFERENCES `sylius_payment_method` (`id`) ON DELETE CASCADE,
  CONSTRAINT `FK_543AC0CC72F5A1AA` FOREIGN KEY (`channel_id`) REFERENCES `sylius_channel` (`id`) ON DELETE CASCADE
) ENGINE=InnoDB DEFAULT CHARSET=utf8mb4 COLLATE=utf8mb4_unicode_ci;
/*!40101 SET character_set_client = @saved_cs_client */;

--
-- Dumping data for table `sylius_payment_method_channels`
--

LOCK TABLES `sylius_payment_method_channels` WRITE;
/*!40000 ALTER TABLE `sylius_payment_method_channels` DISABLE KEYS */;
INSERT INTO `sylius_payment_method_channels` VALUES (9,6),(10,6);
/*!40000 ALTER TABLE `sylius_payment_method_channels` ENABLE KEYS */;
UNLOCK TABLES;

--
-- Table structure for table `sylius_payment_method_translation`
--

DROP TABLE IF EXISTS `sylius_payment_method_translation`;
/*!40101 SET @saved_cs_client     = @@character_set_client */;
/*!50503 SET character_set_client = utf8mb4 */;
CREATE TABLE `sylius_payment_method_translation` (
  `id` int NOT NULL AUTO_INCREMENT,
  `translatable_id` int NOT NULL,
  `name` varchar(255) CHARACTER SET utf8mb4 COLLATE utf8mb4_unicode_ci NOT NULL,
  `description` longtext CHARACTER SET utf8mb4 COLLATE utf8mb4_unicode_ci,
  `instructions` longtext CHARACTER SET utf8mb4 COLLATE utf8mb4_unicode_ci,
  `locale` varchar(255) CHARACTER SET utf8mb4 COLLATE utf8mb4_unicode_ci NOT NULL,
  PRIMARY KEY (`id`),
  UNIQUE KEY `sylius_payment_method_translation_uniq_trans` (`translatable_id`,`locale`),
  KEY `IDX_966BE3A12C2AC5D3` (`translatable_id`),
  CONSTRAINT `FK_966BE3A12C2AC5D3` FOREIGN KEY (`translatable_id`) REFERENCES `sylius_payment_method` (`id`) ON DELETE CASCADE
) ENGINE=InnoDB AUTO_INCREMENT=81 DEFAULT CHARSET=utf8mb4 COLLATE=utf8mb4_unicode_ci;
/*!40101 SET character_set_client = @saved_cs_client */;

--
-- Dumping data for table `sylius_payment_method_translation`
--

LOCK TABLES `sylius_payment_method_translation` WRITE;
/*!40000 ALTER TABLE `sylius_payment_method_translation` DISABLE KEYS */;
INSERT INTO `sylius_payment_method_translation` VALUES (65,9,'Cash on delivery','Voluptatem dolore ut dignissimos aspernatur esse.',NULL,'en_US'),(66,9,'Cash on delivery','Voluptatem dolore ut dignissimos aspernatur esse.',NULL,'de_DE'),(67,9,'Cash on delivery','Voluptatem dolore ut dignissimos aspernatur esse.',NULL,'fr_FR'),(68,9,'Cash on delivery','Voluptatem dolore ut dignissimos aspernatur esse.',NULL,'pl_PL'),(69,9,'Cash on delivery','Voluptatem dolore ut dignissimos aspernatur esse.',NULL,'es_ES'),(70,9,'Cash on delivery','Voluptatem dolore ut dignissimos aspernatur esse.',NULL,'es_MX'),(71,9,'Cash on delivery','Voluptatem dolore ut dignissimos aspernatur esse.',NULL,'pt_PT'),(72,9,'Cash on delivery','Voluptatem dolore ut dignissimos aspernatur esse.',NULL,'zh_CN'),(73,10,'Bank transfer','Consectetur esse veritatis sunt incidunt earum id.',NULL,'en_US'),(74,10,'Bank transfer','Consectetur esse veritatis sunt incidunt earum id.',NULL,'de_DE'),(75,10,'Bank transfer','Consectetur esse veritatis sunt incidunt earum id.',NULL,'fr_FR'),(76,10,'Bank transfer','Consectetur esse veritatis sunt incidunt earum id.',NULL,'pl_PL'),(77,10,'Bank transfer','Consectetur esse veritatis sunt incidunt earum id.',NULL,'es_ES'),(78,10,'Bank transfer','Consectetur esse veritatis sunt incidunt earum id.',NULL,'es_MX'),(79,10,'Bank transfer','Consectetur esse veritatis sunt incidunt earum id.',NULL,'pt_PT'),(80,10,'Bank transfer','Consectetur esse veritatis sunt incidunt earum id.',NULL,'zh_CN');
/*!40000 ALTER TABLE `sylius_payment_method_translation` ENABLE KEYS */;
UNLOCK TABLES;

--
-- Table structure for table `sylius_payment_security_token`
--

DROP TABLE IF EXISTS `sylius_payment_security_token`;
/*!40101 SET @saved_cs_client     = @@character_set_client */;
/*!50503 SET character_set_client = utf8mb4 */;
CREATE TABLE `sylius_payment_security_token` (
  `hash` varchar(255) CHARACTER SET utf8mb4 COLLATE utf8mb4_unicode_ci NOT NULL,
  `details` longtext CHARACTER SET utf8mb4 COLLATE utf8mb4_unicode_ci COMMENT '(DC2Type:object)',
  `after_url` longtext CHARACTER SET utf8mb4 COLLATE utf8mb4_unicode_ci,
  `target_url` longtext CHARACTER SET utf8mb4 COLLATE utf8mb4_unicode_ci NOT NULL,
  `gateway_name` varchar(255) CHARACTER SET utf8mb4 COLLATE utf8mb4_unicode_ci NOT NULL,
  PRIMARY KEY (`hash`)
) ENGINE=InnoDB DEFAULT CHARSET=utf8mb4 COLLATE=utf8mb4_unicode_ci;
/*!40101 SET character_set_client = @saved_cs_client */;

--
-- Dumping data for table `sylius_payment_security_token`
--

LOCK TABLES `sylius_payment_security_token` WRITE;
/*!40000 ALTER TABLE `sylius_payment_security_token` DISABLE KEYS */;
/*!40000 ALTER TABLE `sylius_payment_security_token` ENABLE KEYS */;
UNLOCK TABLES;

--
-- Table structure for table `sylius_paypal_plugin_pay_pal_credentials`
--

DROP TABLE IF EXISTS `sylius_paypal_plugin_pay_pal_credentials`;
/*!40101 SET @saved_cs_client     = @@character_set_client */;
/*!50503 SET character_set_client = utf8mb4 */;
CREATE TABLE `sylius_paypal_plugin_pay_pal_credentials` (
  `id` varchar(255) CHARACTER SET utf8mb4 COLLATE utf8mb4_unicode_ci NOT NULL,
  `payment_method_id` int DEFAULT NULL,
  `access_token` varchar(255) CHARACTER SET utf8mb4 COLLATE utf8mb4_unicode_ci NOT NULL,
  `creation_time` datetime NOT NULL,
  `expiration_time` datetime NOT NULL,
  PRIMARY KEY (`id`),
  KEY `IDX_C56F54AD5AA1164F` (`payment_method_id`),
  CONSTRAINT `FK_C56F54AD5AA1164F` FOREIGN KEY (`payment_method_id`) REFERENCES `sylius_payment_method` (`id`)
) ENGINE=InnoDB DEFAULT CHARSET=utf8mb4 COLLATE=utf8mb4_unicode_ci;
/*!40101 SET character_set_client = @saved_cs_client */;

--
-- Dumping data for table `sylius_paypal_plugin_pay_pal_credentials`
--

LOCK TABLES `sylius_paypal_plugin_pay_pal_credentials` WRITE;
/*!40000 ALTER TABLE `sylius_paypal_plugin_pay_pal_credentials` DISABLE KEYS */;
/*!40000 ALTER TABLE `sylius_paypal_plugin_pay_pal_credentials` ENABLE KEYS */;
UNLOCK TABLES;

--
-- Table structure for table `sylius_product`
--

DROP TABLE IF EXISTS `sylius_product`;
/*!40101 SET @saved_cs_client     = @@character_set_client */;
/*!50503 SET character_set_client = utf8mb4 */;
CREATE TABLE `sylius_product` (
  `id` int NOT NULL AUTO_INCREMENT,
  `main_taxon_id` int DEFAULT NULL,
  `vendor_id` int DEFAULT NULL,
  `code` varchar(255) CHARACTER SET utf8mb4 COLLATE utf8mb4_unicode_ci NOT NULL,
  `created_at` datetime NOT NULL,
  `updated_at` datetime DEFAULT NULL,
  `enabled` tinyint(1) NOT NULL,
  `variant_selection_method` varchar(255) CHARACTER SET utf8mb4 COLLATE utf8mb4_unicode_ci NOT NULL,
  `average_rating` double NOT NULL DEFAULT '0',
  PRIMARY KEY (`id`),
  UNIQUE KEY `UNIQ_677B9B7477153098` (`code`),
  KEY `IDX_677B9B74731E505` (`main_taxon_id`),
  KEY `IDX_677B9B74F603EE73` (`vendor_id`),
  CONSTRAINT `FK_677B9B74731E505` FOREIGN KEY (`main_taxon_id`) REFERENCES `sylius_taxon` (`id`),
  CONSTRAINT `FK_677B9B74F603EE73` FOREIGN KEY (`vendor_id`) REFERENCES `odiseo_vendor` (`id`)
) ENGINE=InnoDB AUTO_INCREMENT=22 DEFAULT CHARSET=utf8mb4 COLLATE=utf8mb4_unicode_ci;
/*!40101 SET character_set_client = @saved_cs_client */;

--
-- Dumping data for table `sylius_product`
--

LOCK TABLES `sylius_product` WRITE;
/*!40000 ALTER TABLE `sylius_product` DISABLE KEYS */;
/*!40000 ALTER TABLE `sylius_product` ENABLE KEYS */;
UNLOCK TABLES;

--
-- Table structure for table `sylius_product_association`
--

DROP TABLE IF EXISTS `sylius_product_association`;
/*!40101 SET @saved_cs_client     = @@character_set_client */;
/*!50503 SET character_set_client = utf8mb4 */;
CREATE TABLE `sylius_product_association` (
  `id` int NOT NULL AUTO_INCREMENT,
  `association_type_id` int NOT NULL,
  `product_id` int NOT NULL,
  `created_at` datetime NOT NULL,
  `updated_at` datetime DEFAULT NULL,
  PRIMARY KEY (`id`),
  UNIQUE KEY `product_association_idx` (`product_id`,`association_type_id`),
  KEY `IDX_48E9CDABB1E1C39` (`association_type_id`),
  KEY `IDX_48E9CDAB4584665A` (`product_id`),
  CONSTRAINT `FK_48E9CDAB4584665A` FOREIGN KEY (`product_id`) REFERENCES `sylius_product` (`id`) ON DELETE CASCADE,
  CONSTRAINT `FK_48E9CDABB1E1C39` FOREIGN KEY (`association_type_id`) REFERENCES `sylius_product_association_type` (`id`) ON DELETE CASCADE
) ENGINE=InnoDB AUTO_INCREMENT=4 DEFAULT CHARSET=utf8mb4 COLLATE=utf8mb4_unicode_ci;
/*!40101 SET character_set_client = @saved_cs_client */;

--
-- Dumping data for table `sylius_product_association`
--

LOCK TABLES `sylius_product_association` WRITE;
/*!40000 ALTER TABLE `sylius_product_association` DISABLE KEYS */;
/*!40000 ALTER TABLE `sylius_product_association` ENABLE KEYS */;
UNLOCK TABLES;

--
-- Table structure for table `sylius_product_association_product`
--

DROP TABLE IF EXISTS `sylius_product_association_product`;
/*!40101 SET @saved_cs_client     = @@character_set_client */;
/*!50503 SET character_set_client = utf8mb4 */;
CREATE TABLE `sylius_product_association_product` (
  `association_id` int NOT NULL,
  `product_id` int NOT NULL,
  PRIMARY KEY (`association_id`,`product_id`),
  KEY `IDX_A427B983EFB9C8A5` (`association_id`),
  KEY `IDX_A427B9834584665A` (`product_id`),
  CONSTRAINT `FK_A427B9834584665A` FOREIGN KEY (`product_id`) REFERENCES `sylius_product` (`id`) ON DELETE CASCADE,
  CONSTRAINT `FK_A427B983EFB9C8A5` FOREIGN KEY (`association_id`) REFERENCES `sylius_product_association` (`id`) ON DELETE CASCADE
) ENGINE=InnoDB DEFAULT CHARSET=utf8mb4 COLLATE=utf8mb4_unicode_ci;
/*!40101 SET character_set_client = @saved_cs_client */;

--
-- Dumping data for table `sylius_product_association_product`
--

LOCK TABLES `sylius_product_association_product` WRITE;
/*!40000 ALTER TABLE `sylius_product_association_product` DISABLE KEYS */;
/*!40000 ALTER TABLE `sylius_product_association_product` ENABLE KEYS */;
UNLOCK TABLES;

--
-- Table structure for table `sylius_product_association_type`
--

DROP TABLE IF EXISTS `sylius_product_association_type`;
/*!40101 SET @saved_cs_client     = @@character_set_client */;
/*!50503 SET character_set_client = utf8mb4 */;
CREATE TABLE `sylius_product_association_type` (
  `id` int NOT NULL AUTO_INCREMENT,
  `code` varchar(255) CHARACTER SET utf8mb4 COLLATE utf8mb4_unicode_ci NOT NULL,
  `created_at` datetime NOT NULL,
  `updated_at` datetime DEFAULT NULL,
  PRIMARY KEY (`id`),
  UNIQUE KEY `UNIQ_CCB8914C77153098` (`code`)
) ENGINE=InnoDB AUTO_INCREMENT=2 DEFAULT CHARSET=utf8mb4 COLLATE=utf8mb4_unicode_ci;
/*!40101 SET character_set_client = @saved_cs_client */;

--
-- Dumping data for table `sylius_product_association_type`
--

LOCK TABLES `sylius_product_association_type` WRITE;
/*!40000 ALTER TABLE `sylius_product_association_type` DISABLE KEYS */;
/*!40000 ALTER TABLE `sylius_product_association_type` ENABLE KEYS */;
UNLOCK TABLES;

--
-- Table structure for table `sylius_product_association_type_translation`
--

DROP TABLE IF EXISTS `sylius_product_association_type_translation`;
/*!40101 SET @saved_cs_client     = @@character_set_client */;
/*!50503 SET character_set_client = utf8mb4 */;
CREATE TABLE `sylius_product_association_type_translation` (
  `id` int NOT NULL AUTO_INCREMENT,
  `translatable_id` int NOT NULL,
  `name` varchar(255) CHARACTER SET utf8mb4 COLLATE utf8mb4_unicode_ci DEFAULT NULL,
  `locale` varchar(255) CHARACTER SET utf8mb4 COLLATE utf8mb4_unicode_ci NOT NULL,
  PRIMARY KEY (`id`),
  UNIQUE KEY `sylius_product_association_type_translation_uniq_trans` (`translatable_id`,`locale`),
  KEY `IDX_4F618E52C2AC5D3` (`translatable_id`),
  CONSTRAINT `FK_4F618E52C2AC5D3` FOREIGN KEY (`translatable_id`) REFERENCES `sylius_product_association_type` (`id`) ON DELETE CASCADE
) ENGINE=InnoDB AUTO_INCREMENT=9 DEFAULT CHARSET=utf8mb4 COLLATE=utf8mb4_unicode_ci;
/*!40101 SET character_set_client = @saved_cs_client */;

--
-- Dumping data for table `sylius_product_association_type_translation`
--

LOCK TABLES `sylius_product_association_type_translation` WRITE;
/*!40000 ALTER TABLE `sylius_product_association_type_translation` DISABLE KEYS */;
/*!40000 ALTER TABLE `sylius_product_association_type_translation` ENABLE KEYS */;
UNLOCK TABLES;

--
-- Table structure for table `sylius_product_attribute`
--

DROP TABLE IF EXISTS `sylius_product_attribute`;
/*!40101 SET @saved_cs_client     = @@character_set_client */;
/*!50503 SET character_set_client = utf8mb4 */;
CREATE TABLE `sylius_product_attribute` (
  `id` int NOT NULL AUTO_INCREMENT,
  `code` varchar(255) CHARACTER SET utf8mb4 COLLATE utf8mb4_unicode_ci NOT NULL,
  `type` varchar(255) CHARACTER SET utf8mb4 COLLATE utf8mb4_unicode_ci NOT NULL,
  `storage_type` varchar(255) CHARACTER SET utf8mb4 COLLATE utf8mb4_unicode_ci NOT NULL,
  `configuration` longtext CHARACTER SET utf8mb4 COLLATE utf8mb4_unicode_ci NOT NULL COMMENT '(DC2Type:array)',
  `created_at` datetime NOT NULL,
  `updated_at` datetime DEFAULT NULL,
  `position` int NOT NULL,
  `translatable` tinyint(1) NOT NULL DEFAULT '1',
  PRIMARY KEY (`id`),
  UNIQUE KEY `UNIQ_BFAF484A77153098` (`code`)
) ENGINE=InnoDB AUTO_INCREMENT=15 DEFAULT CHARSET=utf8mb4 COLLATE=utf8mb4_unicode_ci;
/*!40101 SET character_set_client = @saved_cs_client */;

--
-- Dumping data for table `sylius_product_attribute`
--

LOCK TABLES `sylius_product_attribute` WRITE;
/*!40000 ALTER TABLE `sylius_product_attribute` DISABLE KEYS */;
/*!40000 ALTER TABLE `sylius_product_attribute` ENABLE KEYS */;
UNLOCK TABLES;

--
-- Table structure for table `sylius_product_attribute_translation`
--

DROP TABLE IF EXISTS `sylius_product_attribute_translation`;
/*!40101 SET @saved_cs_client     = @@character_set_client */;
/*!50503 SET character_set_client = utf8mb4 */;
CREATE TABLE `sylius_product_attribute_translation` (
  `id` int NOT NULL AUTO_INCREMENT,
  `translatable_id` int NOT NULL,
  `name` varchar(255) CHARACTER SET utf8mb4 COLLATE utf8mb4_unicode_ci NOT NULL,
  `locale` varchar(255) CHARACTER SET utf8mb4 COLLATE utf8mb4_unicode_ci NOT NULL,
  PRIMARY KEY (`id`),
  UNIQUE KEY `sylius_product_attribute_translation_uniq_trans` (`translatable_id`,`locale`),
  KEY `IDX_93850EBA2C2AC5D3` (`translatable_id`),
  CONSTRAINT `FK_93850EBA2C2AC5D3` FOREIGN KEY (`translatable_id`) REFERENCES `sylius_product_attribute` (`id`) ON DELETE CASCADE
) ENGINE=InnoDB AUTO_INCREMENT=113 DEFAULT CHARSET=utf8mb4 COLLATE=utf8mb4_unicode_ci;
/*!40101 SET character_set_client = @saved_cs_client */;

--
-- Dumping data for table `sylius_product_attribute_translation`
--

LOCK TABLES `sylius_product_attribute_translation` WRITE;
/*!40000 ALTER TABLE `sylius_product_attribute_translation` DISABLE KEYS */;
/*!40000 ALTER TABLE `sylius_product_attribute_translation` ENABLE KEYS */;
UNLOCK TABLES;

--
-- Table structure for table `sylius_product_attribute_value`
--

DROP TABLE IF EXISTS `sylius_product_attribute_value`;
/*!40101 SET @saved_cs_client     = @@character_set_client */;
/*!50503 SET character_set_client = utf8mb4 */;
CREATE TABLE `sylius_product_attribute_value` (
  `id` int NOT NULL AUTO_INCREMENT,
  `product_id` int NOT NULL,
  `attribute_id` int NOT NULL,
  `locale_code` varchar(255) CHARACTER SET utf8mb4 COLLATE utf8mb4_unicode_ci DEFAULT NULL,
  `text_value` longtext CHARACTER SET utf8mb4 COLLATE utf8mb4_unicode_ci,
  `boolean_value` tinyint(1) DEFAULT NULL,
  `integer_value` int DEFAULT NULL,
  `float_value` double DEFAULT NULL,
  `datetime_value` datetime DEFAULT NULL,
  `date_value` date DEFAULT NULL,
  `json_value` json DEFAULT NULL COMMENT '(DC2Type:json_array)',
  PRIMARY KEY (`id`),
  KEY `IDX_8A053E544584665A` (`product_id`),
  KEY `IDX_8A053E54B6E62EFA` (`attribute_id`),
  CONSTRAINT `FK_8A053E544584665A` FOREIGN KEY (`product_id`) REFERENCES `sylius_product` (`id`) ON DELETE CASCADE,
  CONSTRAINT `FK_8A053E54B6E62EFA` FOREIGN KEY (`attribute_id`) REFERENCES `sylius_product_attribute` (`id`) ON DELETE CASCADE
) ENGINE=InnoDB AUTO_INCREMENT=507 DEFAULT CHARSET=utf8mb4 COLLATE=utf8mb4_unicode_ci;
/*!40101 SET character_set_client = @saved_cs_client */;

--
-- Dumping data for table `sylius_product_attribute_value`
--

LOCK TABLES `sylius_product_attribute_value` WRITE;
/*!40000 ALTER TABLE `sylius_product_attribute_value` DISABLE KEYS */;
/*!40000 ALTER TABLE `sylius_product_attribute_value` ENABLE KEYS */;
UNLOCK TABLES;

--
-- Table structure for table `sylius_product_channels`
--

DROP TABLE IF EXISTS `sylius_product_channels`;
/*!40101 SET @saved_cs_client     = @@character_set_client */;
/*!50503 SET character_set_client = utf8mb4 */;
CREATE TABLE `sylius_product_channels` (
  `product_id` int NOT NULL,
  `channel_id` int NOT NULL,
  PRIMARY KEY (`product_id`,`channel_id`),
  KEY `IDX_F9EF269B4584665A` (`product_id`),
  KEY `IDX_F9EF269B72F5A1AA` (`channel_id`),
  CONSTRAINT `FK_F9EF269B4584665A` FOREIGN KEY (`product_id`) REFERENCES `sylius_product` (`id`) ON DELETE CASCADE,
  CONSTRAINT `FK_F9EF269B72F5A1AA` FOREIGN KEY (`channel_id`) REFERENCES `sylius_channel` (`id`) ON DELETE CASCADE
) ENGINE=InnoDB DEFAULT CHARSET=utf8mb4 COLLATE=utf8mb4_unicode_ci;
/*!40101 SET character_set_client = @saved_cs_client */;

--
-- Dumping data for table `sylius_product_channels`
--

LOCK TABLES `sylius_product_channels` WRITE;
/*!40000 ALTER TABLE `sylius_product_channels` DISABLE KEYS */;
/*!40000 ALTER TABLE `sylius_product_channels` ENABLE KEYS */;
UNLOCK TABLES;

--
-- Table structure for table `sylius_product_image`
--

DROP TABLE IF EXISTS `sylius_product_image`;
/*!40101 SET @saved_cs_client     = @@character_set_client */;
/*!50503 SET character_set_client = utf8mb4 */;
CREATE TABLE `sylius_product_image` (
  `id` int NOT NULL AUTO_INCREMENT,
  `owner_id` int NOT NULL,
  `type` varchar(255) CHARACTER SET utf8mb4 COLLATE utf8mb4_unicode_ci DEFAULT NULL,
  `path` varchar(255) CHARACTER SET utf8mb4 COLLATE utf8mb4_unicode_ci NOT NULL,
  PRIMARY KEY (`id`),
  KEY `IDX_88C64B2D7E3C61F9` (`owner_id`),
  CONSTRAINT `FK_88C64B2D7E3C61F9` FOREIGN KEY (`owner_id`) REFERENCES `sylius_product` (`id`) ON DELETE CASCADE
) ENGINE=InnoDB AUTO_INCREMENT=22 DEFAULT CHARSET=utf8mb4 COLLATE=utf8mb4_unicode_ci;
/*!40101 SET character_set_client = @saved_cs_client */;

--
-- Dumping data for table `sylius_product_image`
--

LOCK TABLES `sylius_product_image` WRITE;
/*!40000 ALTER TABLE `sylius_product_image` DISABLE KEYS */;
/*!40000 ALTER TABLE `sylius_product_image` ENABLE KEYS */;
UNLOCK TABLES;

--
-- Table structure for table `sylius_product_image_product_variants`
--

DROP TABLE IF EXISTS `sylius_product_image_product_variants`;
/*!40101 SET @saved_cs_client     = @@character_set_client */;
/*!50503 SET character_set_client = utf8mb4 */;
CREATE TABLE `sylius_product_image_product_variants` (
  `image_id` int NOT NULL,
  `variant_id` int NOT NULL,
  PRIMARY KEY (`image_id`,`variant_id`),
  KEY `IDX_8FFDAE8D3DA5256D` (`image_id`),
  KEY `IDX_8FFDAE8D3B69A9AF` (`variant_id`),
  CONSTRAINT `FK_8FFDAE8D3B69A9AF` FOREIGN KEY (`variant_id`) REFERENCES `sylius_product_variant` (`id`) ON DELETE CASCADE,
  CONSTRAINT `FK_8FFDAE8D3DA5256D` FOREIGN KEY (`image_id`) REFERENCES `sylius_product_image` (`id`) ON DELETE CASCADE
) ENGINE=InnoDB DEFAULT CHARSET=utf8mb4 COLLATE=utf8mb4_unicode_ci;
/*!40101 SET character_set_client = @saved_cs_client */;

--
-- Dumping data for table `sylius_product_image_product_variants`
--

LOCK TABLES `sylius_product_image_product_variants` WRITE;
/*!40000 ALTER TABLE `sylius_product_image_product_variants` DISABLE KEYS */;
/*!40000 ALTER TABLE `sylius_product_image_product_variants` ENABLE KEYS */;
UNLOCK TABLES;

--
-- Table structure for table `sylius_product_option`
--

DROP TABLE IF EXISTS `sylius_product_option`;
/*!40101 SET @saved_cs_client     = @@character_set_client */;
/*!50503 SET character_set_client = utf8mb4 */;
CREATE TABLE `sylius_product_option` (
  `id` int NOT NULL AUTO_INCREMENT,
  `code` varchar(255) CHARACTER SET utf8mb4 COLLATE utf8mb4_unicode_ci NOT NULL,
  `position` int NOT NULL,
  `created_at` datetime NOT NULL,
  `updated_at` datetime DEFAULT NULL,
  PRIMARY KEY (`id`),
  UNIQUE KEY `UNIQ_E4C0EBEF77153098` (`code`)
) ENGINE=InnoDB AUTO_INCREMENT=5 DEFAULT CHARSET=utf8mb4 COLLATE=utf8mb4_unicode_ci;
/*!40101 SET character_set_client = @saved_cs_client */;

--
-- Dumping data for table `sylius_product_option`
--

LOCK TABLES `sylius_product_option` WRITE;
/*!40000 ALTER TABLE `sylius_product_option` DISABLE KEYS */;
/*!40000 ALTER TABLE `sylius_product_option` ENABLE KEYS */;
UNLOCK TABLES;

--
-- Table structure for table `sylius_product_option_translation`
--

DROP TABLE IF EXISTS `sylius_product_option_translation`;
/*!40101 SET @saved_cs_client     = @@character_set_client */;
/*!50503 SET character_set_client = utf8mb4 */;
CREATE TABLE `sylius_product_option_translation` (
  `id` int NOT NULL AUTO_INCREMENT,
  `translatable_id` int NOT NULL,
  `name` varchar(255) CHARACTER SET utf8mb4 COLLATE utf8mb4_unicode_ci NOT NULL,
  `locale` varchar(255) CHARACTER SET utf8mb4 COLLATE utf8mb4_unicode_ci NOT NULL,
  PRIMARY KEY (`id`),
  UNIQUE KEY `sylius_product_option_translation_uniq_trans` (`translatable_id`,`locale`),
  KEY `IDX_CBA491AD2C2AC5D3` (`translatable_id`),
  CONSTRAINT `FK_CBA491AD2C2AC5D3` FOREIGN KEY (`translatable_id`) REFERENCES `sylius_product_option` (`id`) ON DELETE CASCADE
) ENGINE=InnoDB AUTO_INCREMENT=33 DEFAULT CHARSET=utf8mb4 COLLATE=utf8mb4_unicode_ci;
/*!40101 SET character_set_client = @saved_cs_client */;

--
-- Dumping data for table `sylius_product_option_translation`
--

LOCK TABLES `sylius_product_option_translation` WRITE;
/*!40000 ALTER TABLE `sylius_product_option_translation` DISABLE KEYS */;
/*!40000 ALTER TABLE `sylius_product_option_translation` ENABLE KEYS */;
UNLOCK TABLES;

--
-- Table structure for table `sylius_product_option_value`
--

DROP TABLE IF EXISTS `sylius_product_option_value`;
/*!40101 SET @saved_cs_client     = @@character_set_client */;
/*!50503 SET character_set_client = utf8mb4 */;
CREATE TABLE `sylius_product_option_value` (
  `id` int NOT NULL AUTO_INCREMENT,
  `option_id` int NOT NULL,
  `code` varchar(255) CHARACTER SET utf8mb4 COLLATE utf8mb4_unicode_ci NOT NULL,
  PRIMARY KEY (`id`),
  UNIQUE KEY `UNIQ_F7FF7D4B77153098` (`code`),
  KEY `IDX_F7FF7D4BA7C41D6F` (`option_id`),
  CONSTRAINT `FK_F7FF7D4BA7C41D6F` FOREIGN KEY (`option_id`) REFERENCES `sylius_product_option` (`id`) ON DELETE CASCADE
) ENGINE=InnoDB AUTO_INCREMENT=19 DEFAULT CHARSET=utf8mb4 COLLATE=utf8mb4_unicode_ci;
/*!40101 SET character_set_client = @saved_cs_client */;

--
-- Dumping data for table `sylius_product_option_value`
--

LOCK TABLES `sylius_product_option_value` WRITE;
/*!40000 ALTER TABLE `sylius_product_option_value` DISABLE KEYS */;
/*!40000 ALTER TABLE `sylius_product_option_value` ENABLE KEYS */;
UNLOCK TABLES;

--
-- Table structure for table `sylius_product_option_value_translation`
--

DROP TABLE IF EXISTS `sylius_product_option_value_translation`;
/*!40101 SET @saved_cs_client     = @@character_set_client */;
/*!50503 SET character_set_client = utf8mb4 */;
CREATE TABLE `sylius_product_option_value_translation` (
  `id` int NOT NULL AUTO_INCREMENT,
  `translatable_id` int NOT NULL,
  `value` varchar(255) CHARACTER SET utf8mb4 COLLATE utf8mb4_unicode_ci NOT NULL,
  `locale` varchar(255) CHARACTER SET utf8mb4 COLLATE utf8mb4_unicode_ci NOT NULL,
  PRIMARY KEY (`id`),
  UNIQUE KEY `sylius_product_option_value_translation_uniq_trans` (`translatable_id`,`locale`),
  KEY `IDX_8D4382DC2C2AC5D3` (`translatable_id`),
  CONSTRAINT `FK_8D4382DC2C2AC5D3` FOREIGN KEY (`translatable_id`) REFERENCES `sylius_product_option_value` (`id`) ON DELETE CASCADE
) ENGINE=InnoDB AUTO_INCREMENT=145 DEFAULT CHARSET=utf8mb4 COLLATE=utf8mb4_unicode_ci;
/*!40101 SET character_set_client = @saved_cs_client */;

--
-- Dumping data for table `sylius_product_option_value_translation`
--

LOCK TABLES `sylius_product_option_value_translation` WRITE;
/*!40000 ALTER TABLE `sylius_product_option_value_translation` DISABLE KEYS */;
/*!40000 ALTER TABLE `sylius_product_option_value_translation` ENABLE KEYS */;
UNLOCK TABLES;

--
-- Table structure for table `sylius_product_options`
--

DROP TABLE IF EXISTS `sylius_product_options`;
/*!40101 SET @saved_cs_client     = @@character_set_client */;
/*!50503 SET character_set_client = utf8mb4 */;
CREATE TABLE `sylius_product_options` (
  `product_id` int NOT NULL,
  `option_id` int NOT NULL,
  PRIMARY KEY (`product_id`,`option_id`),
  KEY `IDX_2B5FF0094584665A` (`product_id`),
  KEY `IDX_2B5FF009A7C41D6F` (`option_id`),
  CONSTRAINT `FK_2B5FF0094584665A` FOREIGN KEY (`product_id`) REFERENCES `sylius_product` (`id`) ON DELETE CASCADE,
  CONSTRAINT `FK_2B5FF009A7C41D6F` FOREIGN KEY (`option_id`) REFERENCES `sylius_product_option` (`id`) ON DELETE CASCADE
) ENGINE=InnoDB DEFAULT CHARSET=utf8mb4 COLLATE=utf8mb4_unicode_ci;
/*!40101 SET character_set_client = @saved_cs_client */;

--
-- Dumping data for table `sylius_product_options`
--

LOCK TABLES `sylius_product_options` WRITE;
/*!40000 ALTER TABLE `sylius_product_options` DISABLE KEYS */;
/*!40000 ALTER TABLE `sylius_product_options` ENABLE KEYS */;
UNLOCK TABLES;

--
-- Table structure for table `sylius_product_review`
--

DROP TABLE IF EXISTS `sylius_product_review`;
/*!40101 SET @saved_cs_client     = @@character_set_client */;
/*!50503 SET character_set_client = utf8mb4 */;
CREATE TABLE `sylius_product_review` (
  `id` int NOT NULL AUTO_INCREMENT,
  `product_id` int NOT NULL,
  `author_id` int NOT NULL,
  `title` varchar(255) CHARACTER SET utf8mb4 COLLATE utf8mb4_unicode_ci DEFAULT NULL,
  `rating` int NOT NULL,
  `comment` longtext CHARACTER SET utf8mb4 COLLATE utf8mb4_unicode_ci,
  `status` varchar(255) CHARACTER SET utf8mb4 COLLATE utf8mb4_unicode_ci NOT NULL,
  `created_at` datetime NOT NULL,
  `updated_at` datetime DEFAULT NULL,
  PRIMARY KEY (`id`),
  KEY `IDX_C7056A994584665A` (`product_id`),
  KEY `IDX_C7056A99F675F31B` (`author_id`),
  CONSTRAINT `FK_C7056A994584665A` FOREIGN KEY (`product_id`) REFERENCES `sylius_product` (`id`) ON DELETE CASCADE,
  CONSTRAINT `FK_C7056A99F675F31B` FOREIGN KEY (`author_id`) REFERENCES `sylius_customer` (`id`) ON DELETE CASCADE
) ENGINE=InnoDB AUTO_INCREMENT=41 DEFAULT CHARSET=utf8mb4 COLLATE=utf8mb4_unicode_ci;
/*!40101 SET character_set_client = @saved_cs_client */;

--
-- Dumping data for table `sylius_product_review`
--

LOCK TABLES `sylius_product_review` WRITE;
/*!40000 ALTER TABLE `sylius_product_review` DISABLE KEYS */;
/*!40000 ALTER TABLE `sylius_product_review` ENABLE KEYS */;
UNLOCK TABLES;

--
-- Table structure for table `sylius_product_taxon`
--

DROP TABLE IF EXISTS `sylius_product_taxon`;
/*!40101 SET @saved_cs_client     = @@character_set_client */;
/*!50503 SET character_set_client = utf8mb4 */;
CREATE TABLE `sylius_product_taxon` (
  `id` int NOT NULL AUTO_INCREMENT,
  `product_id` int NOT NULL,
  `taxon_id` int NOT NULL,
  `position` int NOT NULL,
  PRIMARY KEY (`id`),
  UNIQUE KEY `product_taxon_idx` (`product_id`,`taxon_id`),
  KEY `IDX_169C6CD94584665A` (`product_id`),
  KEY `IDX_169C6CD9DE13F470` (`taxon_id`),
  CONSTRAINT `FK_169C6CD94584665A` FOREIGN KEY (`product_id`) REFERENCES `sylius_product` (`id`) ON DELETE CASCADE,
  CONSTRAINT `FK_169C6CD9DE13F470` FOREIGN KEY (`taxon_id`) REFERENCES `sylius_taxon` (`id`) ON DELETE CASCADE
) ENGINE=InnoDB AUTO_INCREMENT=40 DEFAULT CHARSET=utf8mb4 COLLATE=utf8mb4_unicode_ci;
/*!40101 SET character_set_client = @saved_cs_client */;

--
-- Dumping data for table `sylius_product_taxon`
--

LOCK TABLES `sylius_product_taxon` WRITE;
/*!40000 ALTER TABLE `sylius_product_taxon` DISABLE KEYS */;
/*!40000 ALTER TABLE `sylius_product_taxon` ENABLE KEYS */;
UNLOCK TABLES;

--
-- Table structure for table `sylius_product_translation`
--

DROP TABLE IF EXISTS `sylius_product_translation`;
/*!40101 SET @saved_cs_client     = @@character_set_client */;
/*!50503 SET character_set_client = utf8mb4 */;
CREATE TABLE `sylius_product_translation` (
  `id` int NOT NULL AUTO_INCREMENT,
  `translatable_id` int NOT NULL,
  `name` varchar(255) CHARACTER SET utf8mb4 COLLATE utf8mb4_unicode_ci NOT NULL,
  `slug` varchar(255) CHARACTER SET utf8mb4 COLLATE utf8mb4_unicode_ci NOT NULL,
  `description` longtext CHARACTER SET utf8mb4 COLLATE utf8mb4_unicode_ci,
  `meta_keywords` varchar(255) CHARACTER SET utf8mb4 COLLATE utf8mb4_unicode_ci DEFAULT NULL,
  `meta_description` varchar(255) CHARACTER SET utf8mb4 COLLATE utf8mb4_unicode_ci DEFAULT NULL,
  `short_description` longtext CHARACTER SET utf8mb4 COLLATE utf8mb4_unicode_ci,
  `locale` varchar(255) CHARACTER SET utf8mb4 COLLATE utf8mb4_unicode_ci NOT NULL,
  PRIMARY KEY (`id`),
  UNIQUE KEY `UNIQ_105A9084180C698989D9B62` (`locale`,`slug`),
  UNIQUE KEY `sylius_product_translation_uniq_trans` (`translatable_id`,`locale`),
  KEY `IDX_105A9082C2AC5D3` (`translatable_id`),
  CONSTRAINT `FK_105A9082C2AC5D3` FOREIGN KEY (`translatable_id`) REFERENCES `sylius_product` (`id`) ON DELETE CASCADE
) ENGINE=InnoDB AUTO_INCREMENT=169 DEFAULT CHARSET=utf8mb4 COLLATE=utf8mb4_unicode_ci;
/*!40101 SET character_set_client = @saved_cs_client */;

--
-- Dumping data for table `sylius_product_translation`
--

LOCK TABLES `sylius_product_translation` WRITE;
/*!40000 ALTER TABLE `sylius_product_translation` DISABLE KEYS */;
/*!40000 ALTER TABLE `sylius_product_translation` ENABLE KEYS */;
UNLOCK TABLES;

--
-- Table structure for table `sylius_product_variant`
--

DROP TABLE IF EXISTS `sylius_product_variant`;
/*!40101 SET @saved_cs_client     = @@character_set_client */;
/*!50503 SET character_set_client = utf8mb4 */;
CREATE TABLE `sylius_product_variant` (
  `id` int NOT NULL AUTO_INCREMENT,
  `product_id` int NOT NULL,
  `tax_category_id` int DEFAULT NULL,
  `shipping_category_id` int DEFAULT NULL,
  `code` varchar(255) CHARACTER SET utf8mb4 COLLATE utf8mb4_unicode_ci NOT NULL,
  `created_at` datetime NOT NULL,
  `updated_at` datetime DEFAULT NULL,
  `position` int NOT NULL,
  `enabled` tinyint(1) NOT NULL,
  `version` int NOT NULL DEFAULT '1',
  `on_hold` int NOT NULL,
  `on_hand` int NOT NULL,
  `tracked` tinyint(1) NOT NULL,
  `width` double DEFAULT NULL,
  `height` double DEFAULT NULL,
  `depth` double DEFAULT NULL,
  `weight` double DEFAULT NULL,
  `shipping_required` tinyint(1) NOT NULL,
  PRIMARY KEY (`id`),
  UNIQUE KEY `UNIQ_A29B52377153098` (`code`),
  KEY `IDX_A29B5234584665A` (`product_id`),
  KEY `IDX_A29B5239DF894ED` (`tax_category_id`),
  KEY `IDX_A29B5239E2D1A41` (`shipping_category_id`),
  CONSTRAINT `FK_A29B5234584665A` FOREIGN KEY (`product_id`) REFERENCES `sylius_product` (`id`) ON DELETE CASCADE,
  CONSTRAINT `FK_A29B5239DF894ED` FOREIGN KEY (`tax_category_id`) REFERENCES `sylius_tax_category` (`id`) ON DELETE SET NULL,
  CONSTRAINT `FK_A29B5239E2D1A41` FOREIGN KEY (`shipping_category_id`) REFERENCES `sylius_shipping_category` (`id`) ON DELETE SET NULL
) ENGINE=InnoDB AUTO_INCREMENT=120 DEFAULT CHARSET=utf8mb4 COLLATE=utf8mb4_unicode_ci;
/*!40101 SET character_set_client = @saved_cs_client */;

--
-- Dumping data for table `sylius_product_variant`
--

LOCK TABLES `sylius_product_variant` WRITE;
/*!40000 ALTER TABLE `sylius_product_variant` DISABLE KEYS */;
/*!40000 ALTER TABLE `sylius_product_variant` ENABLE KEYS */;
UNLOCK TABLES;

--
-- Table structure for table `sylius_product_variant_option_value`
--

DROP TABLE IF EXISTS `sylius_product_variant_option_value`;
/*!40101 SET @saved_cs_client     = @@character_set_client */;
/*!50503 SET character_set_client = utf8mb4 */;
CREATE TABLE `sylius_product_variant_option_value` (
  `variant_id` int NOT NULL,
  `option_value_id` int NOT NULL,
  PRIMARY KEY (`variant_id`,`option_value_id`),
  KEY `IDX_76CDAFA13B69A9AF` (`variant_id`),
  KEY `IDX_76CDAFA1D957CA06` (`option_value_id`),
  CONSTRAINT `FK_76CDAFA13B69A9AF` FOREIGN KEY (`variant_id`) REFERENCES `sylius_product_variant` (`id`) ON DELETE CASCADE,
  CONSTRAINT `FK_76CDAFA1D957CA06` FOREIGN KEY (`option_value_id`) REFERENCES `sylius_product_option_value` (`id`) ON DELETE CASCADE
) ENGINE=InnoDB DEFAULT CHARSET=utf8mb4 COLLATE=utf8mb4_unicode_ci;
/*!40101 SET character_set_client = @saved_cs_client */;

--
-- Dumping data for table `sylius_product_variant_option_value`
--

LOCK TABLES `sylius_product_variant_option_value` WRITE;
/*!40000 ALTER TABLE `sylius_product_variant_option_value` DISABLE KEYS */;
/*!40000 ALTER TABLE `sylius_product_variant_option_value` ENABLE KEYS */;
UNLOCK TABLES;

--
-- Table structure for table `sylius_product_variant_translation`
--

DROP TABLE IF EXISTS `sylius_product_variant_translation`;
/*!40101 SET @saved_cs_client     = @@character_set_client */;
/*!50503 SET character_set_client = utf8mb4 */;
CREATE TABLE `sylius_product_variant_translation` (
  `id` int NOT NULL AUTO_INCREMENT,
  `translatable_id` int NOT NULL,
  `name` varchar(255) CHARACTER SET utf8mb4 COLLATE utf8mb4_unicode_ci DEFAULT NULL,
  `locale` varchar(255) CHARACTER SET utf8mb4 COLLATE utf8mb4_unicode_ci NOT NULL,
  PRIMARY KEY (`id`),
  UNIQUE KEY `sylius_product_variant_translation_uniq_trans` (`translatable_id`,`locale`),
  KEY `IDX_8DC18EDC2C2AC5D3` (`translatable_id`),
  CONSTRAINT `FK_8DC18EDC2C2AC5D3` FOREIGN KEY (`translatable_id`) REFERENCES `sylius_product_variant` (`id`) ON DELETE CASCADE
) ENGINE=InnoDB AUTO_INCREMENT=120 DEFAULT CHARSET=utf8mb4 COLLATE=utf8mb4_unicode_ci;
/*!40101 SET character_set_client = @saved_cs_client */;

--
-- Dumping data for table `sylius_product_variant_translation`
--

LOCK TABLES `sylius_product_variant_translation` WRITE;
/*!40000 ALTER TABLE `sylius_product_variant_translation` DISABLE KEYS */;
/*!40000 ALTER TABLE `sylius_product_variant_translation` ENABLE KEYS */;
UNLOCK TABLES;

--
-- Table structure for table `sylius_promotion`
--

DROP TABLE IF EXISTS `sylius_promotion`;
/*!40101 SET @saved_cs_client     = @@character_set_client */;
/*!50503 SET character_set_client = utf8mb4 */;
CREATE TABLE `sylius_promotion` (
  `id` int NOT NULL AUTO_INCREMENT,
  `code` varchar(255) CHARACTER SET utf8mb4 COLLATE utf8mb4_unicode_ci NOT NULL,
  `name` varchar(255) CHARACTER SET utf8mb4 COLLATE utf8mb4_unicode_ci NOT NULL,
  `description` varchar(255) CHARACTER SET utf8mb4 COLLATE utf8mb4_unicode_ci DEFAULT NULL,
  `priority` int NOT NULL,
  `exclusive` tinyint(1) NOT NULL,
  `usage_limit` int DEFAULT NULL,
  `used` int NOT NULL,
  `coupon_based` tinyint(1) NOT NULL,
  `starts_at` datetime DEFAULT NULL,
  `ends_at` datetime DEFAULT NULL,
  `created_at` datetime NOT NULL,
  `updated_at` datetime DEFAULT NULL,
  PRIMARY KEY (`id`),
  UNIQUE KEY `UNIQ_F157396377153098` (`code`)
) ENGINE=InnoDB AUTO_INCREMENT=5 DEFAULT CHARSET=utf8mb4 COLLATE=utf8mb4_unicode_ci;
/*!40101 SET character_set_client = @saved_cs_client */;

--
-- Dumping data for table `sylius_promotion`
--

LOCK TABLES `sylius_promotion` WRITE;
/*!40000 ALTER TABLE `sylius_promotion` DISABLE KEYS */;
/*!40000 ALTER TABLE `sylius_promotion` ENABLE KEYS */;
UNLOCK TABLES;

--
-- Table structure for table `sylius_promotion_action`
--

DROP TABLE IF EXISTS `sylius_promotion_action`;
/*!40101 SET @saved_cs_client     = @@character_set_client */;
/*!50503 SET character_set_client = utf8mb4 */;
CREATE TABLE `sylius_promotion_action` (
  `id` int NOT NULL AUTO_INCREMENT,
  `promotion_id` int DEFAULT NULL,
  `type` varchar(255) CHARACTER SET utf8mb4 COLLATE utf8mb4_unicode_ci NOT NULL,
  `configuration` longtext CHARACTER SET utf8mb4 COLLATE utf8mb4_unicode_ci NOT NULL COMMENT '(DC2Type:array)',
  PRIMARY KEY (`id`),
  KEY `IDX_933D0915139DF194` (`promotion_id`),
  CONSTRAINT `FK_933D0915139DF194` FOREIGN KEY (`promotion_id`) REFERENCES `sylius_promotion` (`id`)
) ENGINE=InnoDB AUTO_INCREMENT=5 DEFAULT CHARSET=utf8mb4 COLLATE=utf8mb4_unicode_ci;
/*!40101 SET character_set_client = @saved_cs_client */;

--
-- Dumping data for table `sylius_promotion_action`
--

LOCK TABLES `sylius_promotion_action` WRITE;
/*!40000 ALTER TABLE `sylius_promotion_action` DISABLE KEYS */;
/*!40000 ALTER TABLE `sylius_promotion_action` ENABLE KEYS */;
UNLOCK TABLES;

--
-- Table structure for table `sylius_promotion_channels`
--

DROP TABLE IF EXISTS `sylius_promotion_channels`;
/*!40101 SET @saved_cs_client     = @@character_set_client */;
/*!50503 SET character_set_client = utf8mb4 */;
CREATE TABLE `sylius_promotion_channels` (
  `promotion_id` int NOT NULL,
  `channel_id` int NOT NULL,
  PRIMARY KEY (`promotion_id`,`channel_id`),
  KEY `IDX_1A044F64139DF194` (`promotion_id`),
  KEY `IDX_1A044F6472F5A1AA` (`channel_id`),
  CONSTRAINT `FK_1A044F64139DF194` FOREIGN KEY (`promotion_id`) REFERENCES `sylius_promotion` (`id`) ON DELETE CASCADE,
  CONSTRAINT `FK_1A044F6472F5A1AA` FOREIGN KEY (`channel_id`) REFERENCES `sylius_channel` (`id`) ON DELETE CASCADE
) ENGINE=InnoDB DEFAULT CHARSET=utf8mb4 COLLATE=utf8mb4_unicode_ci;
/*!40101 SET character_set_client = @saved_cs_client */;

--
-- Dumping data for table `sylius_promotion_channels`
--

LOCK TABLES `sylius_promotion_channels` WRITE;
/*!40000 ALTER TABLE `sylius_promotion_channels` DISABLE KEYS */;
/*!40000 ALTER TABLE `sylius_promotion_channels` ENABLE KEYS */;
UNLOCK TABLES;

--
-- Table structure for table `sylius_promotion_coupon`
--

DROP TABLE IF EXISTS `sylius_promotion_coupon`;
/*!40101 SET @saved_cs_client     = @@character_set_client */;
/*!50503 SET character_set_client = utf8mb4 */;
CREATE TABLE `sylius_promotion_coupon` (
  `id` int NOT NULL AUTO_INCREMENT,
  `promotion_id` int DEFAULT NULL,
  `code` varchar(255) CHARACTER SET utf8mb4 COLLATE utf8mb4_unicode_ci NOT NULL,
  `usage_limit` int DEFAULT NULL,
  `used` int NOT NULL,
  `expires_at` datetime DEFAULT NULL,
  `created_at` datetime NOT NULL,
  `updated_at` datetime DEFAULT NULL,
  `per_customer_usage_limit` int DEFAULT NULL,
  `reusable_from_cancelled_orders` tinyint(1) NOT NULL DEFAULT '1',
  PRIMARY KEY (`id`),
  UNIQUE KEY `UNIQ_B04EBA8577153098` (`code`),
  KEY `IDX_B04EBA85139DF194` (`promotion_id`),
  CONSTRAINT `FK_B04EBA85139DF194` FOREIGN KEY (`promotion_id`) REFERENCES `sylius_promotion` (`id`)
) ENGINE=InnoDB AUTO_INCREMENT=3 DEFAULT CHARSET=utf8mb4 COLLATE=utf8mb4_unicode_ci;
/*!40101 SET character_set_client = @saved_cs_client */;

--
-- Dumping data for table `sylius_promotion_coupon`
--

LOCK TABLES `sylius_promotion_coupon` WRITE;
/*!40000 ALTER TABLE `sylius_promotion_coupon` DISABLE KEYS */;
/*!40000 ALTER TABLE `sylius_promotion_coupon` ENABLE KEYS */;
UNLOCK TABLES;

--
-- Table structure for table `sylius_promotion_order`
--

DROP TABLE IF EXISTS `sylius_promotion_order`;
/*!40101 SET @saved_cs_client     = @@character_set_client */;
/*!50503 SET character_set_client = utf8mb4 */;
CREATE TABLE `sylius_promotion_order` (
  `order_id` int NOT NULL,
  `promotion_id` int NOT NULL,
  PRIMARY KEY (`order_id`,`promotion_id`),
  KEY `IDX_BF9CF6FB8D9F6D38` (`order_id`),
  KEY `IDX_BF9CF6FB139DF194` (`promotion_id`),
  CONSTRAINT `FK_BF9CF6FB139DF194` FOREIGN KEY (`promotion_id`) REFERENCES `sylius_promotion` (`id`),
  CONSTRAINT `FK_BF9CF6FB8D9F6D38` FOREIGN KEY (`order_id`) REFERENCES `sylius_order` (`id`) ON DELETE CASCADE
) ENGINE=InnoDB DEFAULT CHARSET=utf8mb4 COLLATE=utf8mb4_unicode_ci;
/*!40101 SET character_set_client = @saved_cs_client */;

--
-- Dumping data for table `sylius_promotion_order`
--

LOCK TABLES `sylius_promotion_order` WRITE;
/*!40000 ALTER TABLE `sylius_promotion_order` DISABLE KEYS */;
/*!40000 ALTER TABLE `sylius_promotion_order` ENABLE KEYS */;
UNLOCK TABLES;

--
-- Table structure for table `sylius_promotion_rule`
--

DROP TABLE IF EXISTS `sylius_promotion_rule`;
/*!40101 SET @saved_cs_client     = @@character_set_client */;
/*!50503 SET character_set_client = utf8mb4 */;
CREATE TABLE `sylius_promotion_rule` (
  `id` int NOT NULL AUTO_INCREMENT,
  `promotion_id` int DEFAULT NULL,
  `type` varchar(255) CHARACTER SET utf8mb4 COLLATE utf8mb4_unicode_ci NOT NULL,
  `configuration` longtext CHARACTER SET utf8mb4 COLLATE utf8mb4_unicode_ci NOT NULL COMMENT '(DC2Type:array)',
  PRIMARY KEY (`id`),
  KEY `IDX_2C188EA8139DF194` (`promotion_id`),
  CONSTRAINT `FK_2C188EA8139DF194` FOREIGN KEY (`promotion_id`) REFERENCES `sylius_promotion` (`id`)
) ENGINE=InnoDB AUTO_INCREMENT=5 DEFAULT CHARSET=utf8mb4 COLLATE=utf8mb4_unicode_ci;
/*!40101 SET character_set_client = @saved_cs_client */;

--
-- Dumping data for table `sylius_promotion_rule`
--

LOCK TABLES `sylius_promotion_rule` WRITE;
/*!40000 ALTER TABLE `sylius_promotion_rule` DISABLE KEYS */;
/*!40000 ALTER TABLE `sylius_promotion_rule` ENABLE KEYS */;
UNLOCK TABLES;

--
-- Table structure for table `sylius_province`
--

DROP TABLE IF EXISTS `sylius_province`;
/*!40101 SET @saved_cs_client     = @@character_set_client */;
/*!50503 SET character_set_client = utf8mb4 */;
CREATE TABLE `sylius_province` (
  `id` int NOT NULL AUTO_INCREMENT,
  `country_id` int NOT NULL,
  `code` varchar(255) CHARACTER SET utf8mb4 COLLATE utf8mb4_unicode_ci NOT NULL,
  `name` varchar(255) CHARACTER SET utf8mb4 COLLATE utf8mb4_unicode_ci NOT NULL,
  `abbreviation` varchar(255) CHARACTER SET utf8mb4 COLLATE utf8mb4_unicode_ci DEFAULT NULL,
  PRIMARY KEY (`id`),
  UNIQUE KEY `UNIQ_B5618FE477153098` (`code`),
  UNIQUE KEY `UNIQ_B5618FE4F92F3E705E237E06` (`country_id`,`name`),
  KEY `IDX_B5618FE4F92F3E70` (`country_id`),
  CONSTRAINT `FK_B5618FE4F92F3E70` FOREIGN KEY (`country_id`) REFERENCES `sylius_country` (`id`)
) ENGINE=InnoDB DEFAULT CHARSET=utf8mb4 COLLATE=utf8mb4_unicode_ci;
/*!40101 SET character_set_client = @saved_cs_client */;

--
-- Dumping data for table `sylius_province`
--

LOCK TABLES `sylius_province` WRITE;
/*!40000 ALTER TABLE `sylius_province` DISABLE KEYS */;
/*!40000 ALTER TABLE `sylius_province` ENABLE KEYS */;
UNLOCK TABLES;

--
-- Table structure for table `sylius_shipment`
--

DROP TABLE IF EXISTS `sylius_shipment`;
/*!40101 SET @saved_cs_client     = @@character_set_client */;
/*!50503 SET character_set_client = utf8mb4 */;
CREATE TABLE `sylius_shipment` (
  `id` int NOT NULL AUTO_INCREMENT,
  `method_id` int NOT NULL,
  `order_id` int NOT NULL,
  `state` varchar(255) CHARACTER SET utf8mb4 COLLATE utf8mb4_unicode_ci NOT NULL,
  `tracking` varchar(255) CHARACTER SET utf8mb4 COLLATE utf8mb4_unicode_ci DEFAULT NULL,
  `created_at` datetime NOT NULL,
  `updated_at` datetime DEFAULT NULL,
  `shipped_at` datetime DEFAULT NULL,
  `adjustments_total` int NOT NULL,
  PRIMARY KEY (`id`),
  KEY `IDX_FD707B3319883967` (`method_id`),
  KEY `IDX_FD707B338D9F6D38` (`order_id`),
  CONSTRAINT `FK_FD707B3319883967` FOREIGN KEY (`method_id`) REFERENCES `sylius_shipping_method` (`id`),
  CONSTRAINT `FK_FD707B338D9F6D38` FOREIGN KEY (`order_id`) REFERENCES `sylius_order` (`id`) ON DELETE CASCADE
) ENGINE=InnoDB AUTO_INCREMENT=21 DEFAULT CHARSET=utf8mb4 COLLATE=utf8mb4_unicode_ci;
/*!40101 SET character_set_client = @saved_cs_client */;

--
-- Dumping data for table `sylius_shipment`
--

LOCK TABLES `sylius_shipment` WRITE;
/*!40000 ALTER TABLE `sylius_shipment` DISABLE KEYS */;
/*!40000 ALTER TABLE `sylius_shipment` ENABLE KEYS */;
UNLOCK TABLES;

--
-- Table structure for table `sylius_shipping_category`
--

DROP TABLE IF EXISTS `sylius_shipping_category`;
/*!40101 SET @saved_cs_client     = @@character_set_client */;
/*!50503 SET character_set_client = utf8mb4 */;
CREATE TABLE `sylius_shipping_category` (
  `id` int NOT NULL AUTO_INCREMENT,
  `code` varchar(255) CHARACTER SET utf8mb4 COLLATE utf8mb4_unicode_ci NOT NULL,
  `name` varchar(255) CHARACTER SET utf8mb4 COLLATE utf8mb4_unicode_ci NOT NULL,
  `description` longtext CHARACTER SET utf8mb4 COLLATE utf8mb4_unicode_ci,
  `created_at` datetime NOT NULL,
  `updated_at` datetime DEFAULT NULL,
  PRIMARY KEY (`id`),
  UNIQUE KEY `UNIQ_B1D6465277153098` (`code`)
) ENGINE=InnoDB DEFAULT CHARSET=utf8mb4 COLLATE=utf8mb4_unicode_ci;
/*!40101 SET character_set_client = @saved_cs_client */;

--
-- Dumping data for table `sylius_shipping_category`
--

LOCK TABLES `sylius_shipping_category` WRITE;
/*!40000 ALTER TABLE `sylius_shipping_category` DISABLE KEYS */;
/*!40000 ALTER TABLE `sylius_shipping_category` ENABLE KEYS */;
UNLOCK TABLES;

--
-- Table structure for table `sylius_shipping_method`
--

DROP TABLE IF EXISTS `sylius_shipping_method`;
/*!40101 SET @saved_cs_client     = @@character_set_client */;
/*!50503 SET character_set_client = utf8mb4 */;
CREATE TABLE `sylius_shipping_method` (
  `id` int NOT NULL AUTO_INCREMENT,
  `category_id` int DEFAULT NULL,
  `zone_id` int NOT NULL,
  `tax_category_id` int DEFAULT NULL,
  `code` varchar(255) CHARACTER SET utf8mb4 COLLATE utf8mb4_unicode_ci NOT NULL,
  `configuration` longtext CHARACTER SET utf8mb4 COLLATE utf8mb4_unicode_ci NOT NULL COMMENT '(DC2Type:array)',
  `category_requirement` int NOT NULL,
  `calculator` varchar(255) CHARACTER SET utf8mb4 COLLATE utf8mb4_unicode_ci NOT NULL,
  `is_enabled` tinyint(1) NOT NULL,
  `position` int NOT NULL,
  `archived_at` datetime DEFAULT NULL,
  `created_at` datetime NOT NULL,
  `updated_at` datetime DEFAULT NULL,
  PRIMARY KEY (`id`),
  UNIQUE KEY `UNIQ_5FB0EE1177153098` (`code`),
  KEY `IDX_5FB0EE1112469DE2` (`category_id`),
  KEY `IDX_5FB0EE119F2C3FAB` (`zone_id`),
  KEY `IDX_5FB0EE119DF894ED` (`tax_category_id`),
  CONSTRAINT `FK_5FB0EE1112469DE2` FOREIGN KEY (`category_id`) REFERENCES `sylius_shipping_category` (`id`),
  CONSTRAINT `FK_5FB0EE119DF894ED` FOREIGN KEY (`tax_category_id`) REFERENCES `sylius_tax_category` (`id`) ON DELETE SET NULL,
  CONSTRAINT `FK_5FB0EE119F2C3FAB` FOREIGN KEY (`zone_id`) REFERENCES `sylius_zone` (`id`)
) ENGINE=InnoDB AUTO_INCREMENT=10 DEFAULT CHARSET=utf8mb4 COLLATE=utf8mb4_unicode_ci;
/*!40101 SET character_set_client = @saved_cs_client */;

--
-- Dumping data for table `sylius_shipping_method`
--

LOCK TABLES `sylius_shipping_method` WRITE;
/*!40000 ALTER TABLE `sylius_shipping_method` DISABLE KEYS */;
INSERT INTO `sylius_shipping_method` VALUES (9,NULL,12,NULL,'online','a:1:{s:17:\"SWIBECO_WEB_STORE\";a:1:{s:6:\"amount\";i:925;}}',1,'flat_rate',1,0,NULL,'2021-11-28 10:48:54','2021-11-28 10:48:54');
/*!40000 ALTER TABLE `sylius_shipping_method` ENABLE KEYS */;
UNLOCK TABLES;

--
-- Table structure for table `sylius_shipping_method_channels`
--

DROP TABLE IF EXISTS `sylius_shipping_method_channels`;
/*!40101 SET @saved_cs_client     = @@character_set_client */;
/*!50503 SET character_set_client = utf8mb4 */;
CREATE TABLE `sylius_shipping_method_channels` (
  `shipping_method_id` int NOT NULL,
  `channel_id` int NOT NULL,
  PRIMARY KEY (`shipping_method_id`,`channel_id`),
  KEY `IDX_2D9833355F7D6850` (`shipping_method_id`),
  KEY `IDX_2D98333572F5A1AA` (`channel_id`),
  CONSTRAINT `FK_2D9833355F7D6850` FOREIGN KEY (`shipping_method_id`) REFERENCES `sylius_shipping_method` (`id`) ON DELETE CASCADE,
  CONSTRAINT `FK_2D98333572F5A1AA` FOREIGN KEY (`channel_id`) REFERENCES `sylius_channel` (`id`) ON DELETE CASCADE
) ENGINE=InnoDB DEFAULT CHARSET=utf8mb4 COLLATE=utf8mb4_unicode_ci;
/*!40101 SET character_set_client = @saved_cs_client */;

--
-- Dumping data for table `sylius_shipping_method_channels`
--

LOCK TABLES `sylius_shipping_method_channels` WRITE;
/*!40000 ALTER TABLE `sylius_shipping_method_channels` DISABLE KEYS */;
INSERT INTO `sylius_shipping_method_channels` VALUES (9,6);
/*!40000 ALTER TABLE `sylius_shipping_method_channels` ENABLE KEYS */;
UNLOCK TABLES;

--
-- Table structure for table `sylius_shipping_method_rule`
--

DROP TABLE IF EXISTS `sylius_shipping_method_rule`;
/*!40101 SET @saved_cs_client     = @@character_set_client */;
/*!50503 SET character_set_client = utf8mb4 */;
CREATE TABLE `sylius_shipping_method_rule` (
  `id` int NOT NULL AUTO_INCREMENT,
  `shipping_method_id` int DEFAULT NULL,
  `type` varchar(255) CHARACTER SET utf8mb4 COLLATE utf8mb4_unicode_ci NOT NULL,
  `configuration` longtext CHARACTER SET utf8mb4 COLLATE utf8mb4_unicode_ci NOT NULL COMMENT '(DC2Type:array)',
  PRIMARY KEY (`id`),
  KEY `IDX_88A0EB655F7D6850` (`shipping_method_id`),
  CONSTRAINT `FK_88A0EB655F7D6850` FOREIGN KEY (`shipping_method_id`) REFERENCES `sylius_shipping_method` (`id`)
) ENGINE=InnoDB DEFAULT CHARSET=utf8mb4 COLLATE=utf8mb4_unicode_ci;
/*!40101 SET character_set_client = @saved_cs_client */;

--
-- Dumping data for table `sylius_shipping_method_rule`
--

LOCK TABLES `sylius_shipping_method_rule` WRITE;
/*!40000 ALTER TABLE `sylius_shipping_method_rule` DISABLE KEYS */;
/*!40000 ALTER TABLE `sylius_shipping_method_rule` ENABLE KEYS */;
UNLOCK TABLES;

--
-- Table structure for table `sylius_shipping_method_translation`
--

DROP TABLE IF EXISTS `sylius_shipping_method_translation`;
/*!40101 SET @saved_cs_client     = @@character_set_client */;
/*!50503 SET character_set_client = utf8mb4 */;
CREATE TABLE `sylius_shipping_method_translation` (
  `id` int NOT NULL AUTO_INCREMENT,
  `translatable_id` int NOT NULL,
  `name` varchar(255) CHARACTER SET utf8mb4 COLLATE utf8mb4_unicode_ci NOT NULL,
  `description` varchar(255) CHARACTER SET utf8mb4 COLLATE utf8mb4_unicode_ci DEFAULT NULL,
  `locale` varchar(255) CHARACTER SET utf8mb4 COLLATE utf8mb4_unicode_ci NOT NULL,
  PRIMARY KEY (`id`),
  UNIQUE KEY `sylius_shipping_method_translation_uniq_trans` (`translatable_id`,`locale`),
  KEY `IDX_2B37DB3D2C2AC5D3` (`translatable_id`),
  CONSTRAINT `FK_2B37DB3D2C2AC5D3` FOREIGN KEY (`translatable_id`) REFERENCES `sylius_shipping_method` (`id`) ON DELETE CASCADE
) ENGINE=InnoDB AUTO_INCREMENT=73 DEFAULT CHARSET=utf8mb4 COLLATE=utf8mb4_unicode_ci;
/*!40101 SET character_set_client = @saved_cs_client */;

--
-- Dumping data for table `sylius_shipping_method_translation`
--

LOCK TABLES `sylius_shipping_method_translation` WRITE;
/*!40000 ALTER TABLE `sylius_shipping_method_translation` DISABLE KEYS */;
INSERT INTO `sylius_shipping_method_translation` VALUES (65,9,'online','Rerum earum maiores ea id reprehenderit optio.','en_US'),(66,9,'online','Rerum earum maiores ea id reprehenderit optio.','de_DE'),(67,9,'online','Rerum earum maiores ea id reprehenderit optio.','fr_FR'),(68,9,'online','Rerum earum maiores ea id reprehenderit optio.','pl_PL'),(69,9,'online','Rerum earum maiores ea id reprehenderit optio.','es_ES'),(70,9,'online','Rerum earum maiores ea id reprehenderit optio.','es_MX'),(71,9,'online','Rerum earum maiores ea id reprehenderit optio.','pt_PT'),(72,9,'online','Rerum earum maiores ea id reprehenderit optio.','zh_CN');
/*!40000 ALTER TABLE `sylius_shipping_method_translation` ENABLE KEYS */;
UNLOCK TABLES;

--
-- Table structure for table `sylius_shop_billing_data`
--

DROP TABLE IF EXISTS `sylius_shop_billing_data`;
/*!40101 SET @saved_cs_client     = @@character_set_client */;
/*!50503 SET character_set_client = utf8mb4 */;
CREATE TABLE `sylius_shop_billing_data` (
  `id` int NOT NULL AUTO_INCREMENT,
  `company` varchar(255) CHARACTER SET utf8mb4 COLLATE utf8mb4_unicode_ci DEFAULT NULL,
  `tax_id` varchar(255) CHARACTER SET utf8mb4 COLLATE utf8mb4_unicode_ci DEFAULT NULL,
  `country_code` varchar(255) CHARACTER SET utf8mb4 COLLATE utf8mb4_unicode_ci DEFAULT NULL,
  `street` varchar(255) CHARACTER SET utf8mb4 COLLATE utf8mb4_unicode_ci DEFAULT NULL,
  `city` varchar(255) CHARACTER SET utf8mb4 COLLATE utf8mb4_unicode_ci DEFAULT NULL,
  `postcode` varchar(255) CHARACTER SET utf8mb4 COLLATE utf8mb4_unicode_ci DEFAULT NULL,
  PRIMARY KEY (`id`)
) ENGINE=InnoDB AUTO_INCREMENT=7 DEFAULT CHARSET=utf8mb4 COLLATE=utf8mb4_unicode_ci;
/*!40101 SET character_set_client = @saved_cs_client */;

--
-- Dumping data for table `sylius_shop_billing_data`
--

LOCK TABLES `sylius_shop_billing_data` WRITE;
/*!40000 ALTER TABLE `sylius_shop_billing_data` DISABLE KEYS */;
INSERT INTO `sylius_shop_billing_data` VALUES (6,'Swibeco','0001112222','CH','Test St. 15','eCommerce Town','00 33 22');
/*!40000 ALTER TABLE `sylius_shop_billing_data` ENABLE KEYS */;
UNLOCK TABLES;

--
-- Table structure for table `sylius_shop_user`
--

DROP TABLE IF EXISTS `sylius_shop_user`;
/*!40101 SET @saved_cs_client     = @@character_set_client */;
/*!50503 SET character_set_client = utf8mb4 */;
CREATE TABLE `sylius_shop_user` (
  `id` int NOT NULL AUTO_INCREMENT,
  `customer_id` int NOT NULL,
  `username` varchar(255) CHARACTER SET utf8mb4 COLLATE utf8mb4_unicode_ci DEFAULT NULL,
  `username_canonical` varchar(255) CHARACTER SET utf8mb4 COLLATE utf8mb4_unicode_ci DEFAULT NULL,
  `enabled` tinyint(1) NOT NULL,
  `salt` varchar(255) CHARACTER SET utf8mb4 COLLATE utf8mb4_unicode_ci NOT NULL,
  `password` varchar(255) CHARACTER SET utf8mb4 COLLATE utf8mb4_unicode_ci DEFAULT NULL,
  `encoder_name` varchar(255) CHARACTER SET utf8mb4 COLLATE utf8mb4_unicode_ci DEFAULT NULL,
  `last_login` datetime DEFAULT NULL,
  `password_reset_token` varchar(255) CHARACTER SET utf8mb4 COLLATE utf8mb4_unicode_ci DEFAULT NULL,
  `password_requested_at` datetime DEFAULT NULL,
  `email_verification_token` varchar(255) CHARACTER SET utf8mb4 COLLATE utf8mb4_unicode_ci DEFAULT NULL,
  `verified_at` datetime DEFAULT NULL,
  `locked` tinyint(1) NOT NULL,
  `expires_at` datetime DEFAULT NULL,
  `credentials_expire_at` datetime DEFAULT NULL,
  `roles` longtext CHARACTER SET utf8mb4 COLLATE utf8mb4_unicode_ci NOT NULL COMMENT '(DC2Type:array)',
  `email` varchar(255) CHARACTER SET utf8mb4 COLLATE utf8mb4_unicode_ci DEFAULT NULL,
  `email_canonical` varchar(255) CHARACTER SET utf8mb4 COLLATE utf8mb4_unicode_ci DEFAULT NULL,
  `created_at` datetime NOT NULL,
  `updated_at` datetime DEFAULT NULL,
  PRIMARY KEY (`id`),
  UNIQUE KEY `UNIQ_7C2B74809395C3F3` (`customer_id`),
  CONSTRAINT `FK_7C2B74809395C3F3` FOREIGN KEY (`customer_id`) REFERENCES `sylius_customer` (`id`)
) ENGINE=InnoDB AUTO_INCREMENT=106 DEFAULT CHARSET=utf8mb4 COLLATE=utf8mb4_unicode_ci;
/*!40101 SET character_set_client = @saved_cs_client */;

--
-- Dumping data for table `sylius_shop_user`
--

LOCK TABLES `sylius_shop_user` WRITE;
/*!40000 ALTER TABLE `sylius_shop_user` DISABLE KEYS */;
INSERT INTO `sylius_shop_user` VALUES (85,85,'shop@example.com','shop@example.com',1,'e5at7zb7w944k4g48s00ggo4co8w8c8','$argon2i$v=19$m=65536,t=4,p=1$TFVObGI0MEw1Q0tTMlJ5OQ$j+w8/FOj6cFofVEAh8Nvmsfg9UvqLKeXP9s6oGU009c','argon2i',NULL,NULL,NULL,NULL,NULL,0,NULL,NULL,'a:1:{i:0;s:9:\"ROLE_USER\";}',NULL,NULL,'2021-11-28 10:48:54','2021-11-28 10:48:54'),(86,86,'carroll29@gmail.com','carroll29@gmail.com',1,'hio7ish37fcc0ccsg848c8cw4w0kcw0','$argon2i$v=19$m=65536,t=4,p=1$dG1acTdOT1Y2Y01sVWZVTQ$WYZ6qvKDCnu4J4cRv2axeh/qdjUudYNKjOQ4N9TFTFo','argon2i',NULL,NULL,NULL,NULL,NULL,0,NULL,NULL,'a:1:{i:0;s:9:\"ROLE_USER\";}',NULL,NULL,'2021-11-28 10:48:55','2021-11-28 10:48:55'),(87,87,'prudence15@armstrong.com','prudence15@armstrong.com',1,'k2cucol54xwggck4wcsk0g0kg48oscw','$argon2i$v=19$m=65536,t=4,p=1$ZVdBajIuUU9WejJYSS9ZYg$wO7VSEupuJsqDkmBQHVqQyFkABSp+z5BFQw6mnNBZuM','argon2i',NULL,NULL,NULL,NULL,NULL,0,NULL,NULL,'a:1:{i:0;s:9:\"ROLE_USER\";}',NULL,NULL,'2021-11-28 10:48:56','2021-11-28 10:48:56'),(88,88,'aauer@rau.com','aauer@rau.com',1,'rihypsim2lcgcwwoc4sggs0kko8c40c','$argon2i$v=19$m=65536,t=4,p=1$UkJVOVRIODk4dXFEYzh5Mw$L11rDosGqQlWSrVQJmGqO95vHuJyczijm0zeVl1CshE','argon2i',NULL,NULL,NULL,NULL,NULL,0,NULL,NULL,'a:1:{i:0;s:9:\"ROLE_USER\";}',NULL,NULL,'2021-11-28 10:48:57','2021-11-28 10:48:57'),(89,89,'wbauch@schoen.com','wbauch@schoen.com',1,'wqfyl3yzf7kwwg0g4gs800cc8kok8g','$argon2i$v=19$m=65536,t=4,p=1$dHFXM2F1THVTdlFxZWNHdw$SbFOnSez0DkpsuScb8Id41yy3jvqJ0/ZdfO72XC1QSQ','argon2i',NULL,NULL,NULL,NULL,NULL,0,NULL,NULL,'a:1:{i:0;s:9:\"ROLE_USER\";}',NULL,NULL,'2021-11-28 10:48:58','2021-11-28 10:48:58'),(90,90,'hodkiewicz.destiny@hotmail.com','hodkiewicz.destiny@hotmail.com',1,'jv4zl1ex2ts8sgw8sc4cgckwko80gg8','$argon2i$v=19$m=65536,t=4,p=1$S3gyNkVxM1F3UUVzeUtmVg$fb2YSB8guXpI6D2nqzcSn0D1N4+nJz6fzNEFXmgm5tg','argon2i',NULL,NULL,NULL,NULL,NULL,0,NULL,NULL,'a:1:{i:0;s:9:\"ROLE_USER\";}',NULL,NULL,'2021-11-28 10:48:59','2021-11-28 10:48:59'),(91,91,'abigayle.bogisich@gmail.com','abigayle.bogisich@gmail.com',1,'cmfhjzrm9ugcs88sgsooowgo488s0wk','$argon2i$v=19$m=65536,t=4,p=1$d05WVVo5eDIxYjcuOEtWdg$tnoYW8uT5t4+bRog8dRkAsc7VCnpkf9RlwyBsEvVo7U','argon2i',NULL,NULL,NULL,NULL,NULL,0,NULL,NULL,'a:1:{i:0;s:9:\"ROLE_USER\";}',NULL,NULL,'2021-11-28 10:49:00','2021-11-28 10:49:00'),(92,92,'veronica67@mraz.biz','veronica67@mraz.biz',1,'tdvd8lf0l1ws80c88wg40gso4oggg0c','$argon2i$v=19$m=65536,t=4,p=1$ZHBIcFNoS1JUZXhxSGhMRw$riqQKocdUINQd0/1F72ZMptX+0hU4f+leUHyvslk3B8','argon2i',NULL,NULL,NULL,NULL,NULL,0,NULL,NULL,'a:1:{i:0;s:9:\"ROLE_USER\";}',NULL,NULL,'2021-11-28 10:49:01','2021-11-28 10:49:01'),(93,93,'ismael.effertz@hilpert.net','ismael.effertz@hilpert.net',1,'l9v8dyg9a00kko4c0c0ccss4cko0g00','$argon2i$v=19$m=65536,t=4,p=1$T3ZSVWJYZXlUc05DTXMuNw$Pjnsd/HVMcNuRB7Gr/TIlzeCXztBBEAwYfRFUy8B/9s','argon2i',NULL,NULL,NULL,NULL,NULL,0,NULL,NULL,'a:1:{i:0;s:9:\"ROLE_USER\";}',NULL,NULL,'2021-11-28 10:49:02','2021-11-28 10:49:02'),(94,94,'brekke.zora@gmail.com','brekke.zora@gmail.com',1,'72kal7szfnk00sckoksg488800kgoo0','$argon2i$v=19$m=65536,t=4,p=1$c2drc0xzcUxJNnc2RGJISw$lSxsgkvyfOyaV8ikYL6Ha5u66zIctzfWm2v2u1X/n3I','argon2i',NULL,NULL,NULL,NULL,NULL,0,NULL,NULL,'a:1:{i:0;s:9:\"ROLE_USER\";}',NULL,NULL,'2021-11-28 10:49:04','2021-11-28 10:49:04'),(95,95,'hodkiewicz.cecilia@grady.com','hodkiewicz.cecilia@grady.com',1,'5jsk3pohrkkc4gowscks0ck8owook4c','$argon2i$v=19$m=65536,t=4,p=1$aDlZRmNSY3J4aG5Jd0hjaw$h8fX63jMDBjClyaVXnBDzCpe4D7Nb7NnywC0dHTqIyc','argon2i',NULL,NULL,NULL,NULL,NULL,0,NULL,NULL,'a:1:{i:0;s:9:\"ROLE_USER\";}',NULL,NULL,'2021-11-28 10:49:05','2021-11-28 10:49:05'),(96,96,'reichert.camden@hotmail.com','reichert.camden@hotmail.com',1,'8tagt5hf16w48cc40cg448oc4wkkgsc','$argon2i$v=19$m=65536,t=4,p=1$S3Z3RUlIQ0ZWSjBIR0x6bg$i/z1hSj2zMnFvn5EnuksZEDglTUT8XQhr8x2fGJT43M','argon2i',NULL,NULL,NULL,NULL,NULL,0,NULL,NULL,'a:1:{i:0;s:9:\"ROLE_USER\";}',NULL,NULL,'2021-11-28 10:49:06','2021-11-28 10:49:06'),(97,97,'bernier.milan@hotmail.com','bernier.milan@hotmail.com',1,'rhma2xnc7n4og08gwo8sw8w04wkkcso','$argon2i$v=19$m=65536,t=4,p=1$d3ZvQzRzYzYvTWpkNUcyaQ$YuHycj2aBMM8jPy67mijaOHRa9zmjc5U/JHyjQmPBRM','argon2i',NULL,NULL,NULL,NULL,NULL,0,NULL,NULL,'a:1:{i:0;s:9:\"ROLE_USER\";}',NULL,NULL,'2021-11-28 10:49:07','2021-11-28 10:49:07'),(98,98,'aurelia56@kuvalis.biz','aurelia56@kuvalis.biz',1,'onruguhfjtc8w8cs4s8kogw0ogo80gc','$argon2i$v=19$m=65536,t=4,p=1$MUFjWVJiLnFWQnVVOVcwOQ$LtPd6knvExvdjCLaD6wlv5+3Z0TWmnuY8owb0ODIgME','argon2i',NULL,NULL,NULL,NULL,NULL,0,NULL,NULL,'a:1:{i:0;s:9:\"ROLE_USER\";}',NULL,NULL,'2021-11-28 10:49:08','2021-11-28 10:49:08'),(99,99,'tillman.angeline@gmail.com','tillman.angeline@gmail.com',1,'2w87cejnki2o884g0o8wswg4c4cs8og','$argon2i$v=19$m=65536,t=4,p=1$blRoRnhuMXVqaDBuLy5adw$3TznC/TqM0Xqqs3mDzb6wdoOBfn2wUbCcWojr/ehE/U','argon2i',NULL,NULL,NULL,NULL,NULL,0,NULL,NULL,'a:1:{i:0;s:9:\"ROLE_USER\";}',NULL,NULL,'2021-11-28 10:49:09','2021-11-28 10:49:09'),(100,100,'klein.gia@mayert.net','klein.gia@mayert.net',1,'klmg7e0kp4gocs0sk04c0s8k0gooogw','$argon2i$v=19$m=65536,t=4,p=1$QzhLdVBXQTFhcThaTG9BZQ$a3LWa5VyUZ0JEe3IBKw3gMZB2onn1yuwgBLD+PHfx7I','argon2i',NULL,NULL,NULL,NULL,NULL,0,NULL,NULL,'a:1:{i:0;s:9:\"ROLE_USER\";}',NULL,NULL,'2021-11-28 10:49:10','2021-11-28 10:49:10'),(101,101,'nhermann@stoltenberg.net','nhermann@stoltenberg.net',1,'8c03djoeu60w0c8ogg4w008000kkwgc','$argon2i$v=19$m=65536,t=4,p=1$Mm1uTEZZYUZlU09LU0VmUQ$HDkHz2oPklCF5Q2P1pv0nZ1aP3X4aBWIkZh8bai0alc','argon2i',NULL,NULL,NULL,NULL,NULL,0,NULL,NULL,'a:1:{i:0;s:9:\"ROLE_USER\";}',NULL,NULL,'2021-11-28 10:49:11','2021-11-28 10:49:11'),(102,102,'ystiedemann@mosciski.com','ystiedemann@mosciski.com',1,'6lxeri55t5gc4s0oko8kwooscw8g88c','$argon2i$v=19$m=65536,t=4,p=1$RzgwOXpRSmxEM3Zla292TQ$Uo1qsYFO+M1blH8hcfSNw2ob9xzaBTyjQ7iGLZmtcyo','argon2i',NULL,NULL,NULL,NULL,NULL,0,NULL,NULL,'a:1:{i:0;s:9:\"ROLE_USER\";}',NULL,NULL,'2021-11-28 10:49:12','2021-11-28 10:49:12'),(103,103,'kylie73@zboncak.org','kylie73@zboncak.org',1,'i2bfkjb6u40s40wks4s4o0skw0wgwcc','$argon2i$v=19$m=65536,t=4,p=1$UkgxdUJKTGVvMWZuN0V6TA$CgTa6SoB12v6ZOKUsxC+Aa0ksyL9lk+40aeHhBg9a08','argon2i',NULL,NULL,NULL,NULL,NULL,0,NULL,NULL,'a:1:{i:0;s:9:\"ROLE_USER\";}',NULL,NULL,'2021-11-28 10:49:13','2021-11-28 10:49:13'),(104,104,'pstamm@nolan.com','pstamm@nolan.com',1,'i16ywpsl56o0ck4gkgk8co0g0o4gs8s','$argon2i$v=19$m=65536,t=4,p=1$Y29yaG1wZjZ3RVVONmNOdQ$gOGstC/SymknziQxk5ZygdgqvRrZWDGbGoAz1y5/Ro0','argon2i',NULL,NULL,NULL,NULL,NULL,0,NULL,NULL,'a:1:{i:0;s:9:\"ROLE_USER\";}',NULL,NULL,'2021-11-28 10:49:14','2021-11-28 10:49:14'),(105,105,'omer.mayer@hotmail.com','omer.mayer@hotmail.com',1,'maef43ggv1cggcgk8osg8kwco0gcc08','$argon2i$v=19$m=65536,t=4,p=1$cWN1ajdmcC45M2d1SUJ4TQ$FSf5HN3gv2qLDDmh+FLFJ5c3oyAsRK+A17629NN6Md4','argon2i',NULL,NULL,NULL,NULL,NULL,0,NULL,NULL,'a:1:{i:0;s:9:\"ROLE_USER\";}',NULL,NULL,'2021-11-28 10:49:15','2021-11-28 10:49:15');
/*!40000 ALTER TABLE `sylius_shop_user` ENABLE KEYS */;
UNLOCK TABLES;

--
-- Table structure for table `sylius_tax_category`
--

DROP TABLE IF EXISTS `sylius_tax_category`;
/*!40101 SET @saved_cs_client     = @@character_set_client */;
/*!50503 SET character_set_client = utf8mb4 */;
CREATE TABLE `sylius_tax_category` (
  `id` int NOT NULL AUTO_INCREMENT,
  `code` varchar(255) CHARACTER SET utf8mb4 COLLATE utf8mb4_unicode_ci NOT NULL,
  `name` varchar(255) CHARACTER SET utf8mb4 COLLATE utf8mb4_unicode_ci NOT NULL,
  `description` longtext CHARACTER SET utf8mb4 COLLATE utf8mb4_unicode_ci,
  `created_at` datetime NOT NULL,
  `updated_at` datetime DEFAULT NULL,
  PRIMARY KEY (`id`),
  UNIQUE KEY `UNIQ_221EB0BE77153098` (`code`)
) ENGINE=InnoDB AUTO_INCREMENT=11 DEFAULT CHARSET=utf8mb4 COLLATE=utf8mb4_unicode_ci;
/*!40101 SET character_set_client = @saved_cs_client */;

--
-- Dumping data for table `sylius_tax_category`
--

LOCK TABLES `sylius_tax_category` WRITE;
/*!40000 ALTER TABLE `sylius_tax_category` DISABLE KEYS */;
INSERT INTO `sylius_tax_category` VALUES (9,'vouchers','Vouchers','Id rerum nesciunt illo magnam. Et unde qui eaque sit quas. Quasi nam itaque est atque voluptatem sit ut. Vero voluptatem officiis quia dicta ipsum delectus illum. Neque qui sequi in sed voluptate in rerum.','2021-11-28 10:49:19','2021-11-28 10:49:19'),(10,'other','Other','Voluptatibus ut dicta quo nemo maiores sed voluptatem. Deleniti numquam nostrum architecto. Aliquam rerum adipisci rerum vel iste vero.','2021-11-28 10:49:19','2021-11-28 10:49:19');
/*!40000 ALTER TABLE `sylius_tax_category` ENABLE KEYS */;
UNLOCK TABLES;

--
-- Table structure for table `sylius_tax_rate`
--

DROP TABLE IF EXISTS `sylius_tax_rate`;
/*!40101 SET @saved_cs_client     = @@character_set_client */;
/*!50503 SET character_set_client = utf8mb4 */;
CREATE TABLE `sylius_tax_rate` (
  `id` int NOT NULL AUTO_INCREMENT,
  `category_id` int NOT NULL,
  `zone_id` int NOT NULL,
  `code` varchar(255) CHARACTER SET utf8mb4 COLLATE utf8mb4_unicode_ci NOT NULL,
  `name` varchar(255) CHARACTER SET utf8mb4 COLLATE utf8mb4_unicode_ci NOT NULL,
  `amount` decimal(10,5) NOT NULL,
  `included_in_price` tinyint(1) NOT NULL,
  `calculator` varchar(255) CHARACTER SET utf8mb4 COLLATE utf8mb4_unicode_ci NOT NULL,
  `created_at` datetime NOT NULL,
  `updated_at` datetime DEFAULT NULL,
  PRIMARY KEY (`id`),
  UNIQUE KEY `UNIQ_3CD86B2E77153098` (`code`),
  KEY `IDX_3CD86B2E12469DE2` (`category_id`),
  KEY `IDX_3CD86B2E9F2C3FAB` (`zone_id`),
  CONSTRAINT `FK_3CD86B2E12469DE2` FOREIGN KEY (`category_id`) REFERENCES `sylius_tax_category` (`id`),
  CONSTRAINT `FK_3CD86B2E9F2C3FAB` FOREIGN KEY (`zone_id`) REFERENCES `sylius_zone` (`id`)
) ENGINE=InnoDB AUTO_INCREMENT=11 DEFAULT CHARSET=utf8mb4 COLLATE=utf8mb4_unicode_ci;
/*!40101 SET character_set_client = @saved_cs_client */;

--
-- Dumping data for table `sylius_tax_rate`
--

LOCK TABLES `sylius_tax_rate` WRITE;
/*!40000 ALTER TABLE `sylius_tax_rate` DISABLE KEYS */;
INSERT INTO `sylius_tax_rate` VALUES (9,9,11,'vouchers_tax_7','Vouchers Tax 7%',0.07000,1,'default','2021-11-28 10:49:19','2021-11-28 10:49:19'),(10,10,11,'sales_tax_20','Sales Tax 20%',0.20000,1,'default','2021-11-28 10:49:19','2021-11-28 10:49:19');
/*!40000 ALTER TABLE `sylius_tax_rate` ENABLE KEYS */;
UNLOCK TABLES;

--
-- Table structure for table `sylius_taxon`
--

DROP TABLE IF EXISTS `sylius_taxon`;
/*!40101 SET @saved_cs_client     = @@character_set_client */;
/*!50503 SET character_set_client = utf8mb4 */;
CREATE TABLE `sylius_taxon` (
  `id` int NOT NULL AUTO_INCREMENT,
  `tree_root` int DEFAULT NULL,
  `parent_id` int DEFAULT NULL,
  `code` varchar(255) CHARACTER SET utf8mb4 COLLATE utf8mb4_unicode_ci NOT NULL,
  `tree_left` int NOT NULL,
  `tree_right` int NOT NULL,
  `tree_level` int NOT NULL,
  `position` int NOT NULL,
  `enabled` tinyint(1) NOT NULL,
  `created_at` datetime NOT NULL,
  `updated_at` datetime DEFAULT NULL,
  PRIMARY KEY (`id`),
  UNIQUE KEY `UNIQ_CFD811CA77153098` (`code`),
  KEY `IDX_CFD811CAA977936C` (`tree_root`),
  KEY `IDX_CFD811CA727ACA70` (`parent_id`),
  CONSTRAINT `FK_CFD811CA727ACA70` FOREIGN KEY (`parent_id`) REFERENCES `sylius_taxon` (`id`) ON DELETE CASCADE,
  CONSTRAINT `FK_CFD811CAA977936C` FOREIGN KEY (`tree_root`) REFERENCES `sylius_taxon` (`id`) ON DELETE CASCADE
) ENGINE=InnoDB AUTO_INCREMENT=17 DEFAULT CHARSET=utf8mb4 COLLATE=utf8mb4_unicode_ci;
/*!40101 SET character_set_client = @saved_cs_client */;

--
-- Dumping data for table `sylius_taxon`
--

LOCK TABLES `sylius_taxon` WRITE;
/*!40000 ALTER TABLE `sylius_taxon` DISABLE KEYS */;
INSERT INTO `sylius_taxon` VALUES (16,16,NULL,'MENU_CATEGORY',1,2,0,0,1,'2021-11-28 10:48:53','2021-11-28 10:48:53');
/*!40000 ALTER TABLE `sylius_taxon` ENABLE KEYS */;
UNLOCK TABLES;

--
-- Table structure for table `sylius_taxon_image`
--

DROP TABLE IF EXISTS `sylius_taxon_image`;
/*!40101 SET @saved_cs_client     = @@character_set_client */;
/*!50503 SET character_set_client = utf8mb4 */;
CREATE TABLE `sylius_taxon_image` (
  `id` int NOT NULL AUTO_INCREMENT,
  `owner_id` int NOT NULL,
  `type` varchar(255) CHARACTER SET utf8mb4 COLLATE utf8mb4_unicode_ci DEFAULT NULL,
  `path` varchar(255) CHARACTER SET utf8mb4 COLLATE utf8mb4_unicode_ci NOT NULL,
  PRIMARY KEY (`id`),
  KEY `IDX_DBE52B287E3C61F9` (`owner_id`),
  CONSTRAINT `FK_DBE52B287E3C61F9` FOREIGN KEY (`owner_id`) REFERENCES `sylius_taxon` (`id`) ON DELETE CASCADE
) ENGINE=InnoDB DEFAULT CHARSET=utf8mb4 COLLATE=utf8mb4_unicode_ci;
/*!40101 SET character_set_client = @saved_cs_client */;

--
-- Dumping data for table `sylius_taxon_image`
--

LOCK TABLES `sylius_taxon_image` WRITE;
/*!40000 ALTER TABLE `sylius_taxon_image` DISABLE KEYS */;
/*!40000 ALTER TABLE `sylius_taxon_image` ENABLE KEYS */;
UNLOCK TABLES;

--
-- Table structure for table `sylius_taxon_translation`
--

DROP TABLE IF EXISTS `sylius_taxon_translation`;
/*!40101 SET @saved_cs_client     = @@character_set_client */;
/*!50503 SET character_set_client = utf8mb4 */;
CREATE TABLE `sylius_taxon_translation` (
  `id` int NOT NULL AUTO_INCREMENT,
  `translatable_id` int NOT NULL,
  `name` varchar(255) CHARACTER SET utf8mb4 COLLATE utf8mb4_unicode_ci NOT NULL,
  `slug` varchar(255) CHARACTER SET utf8mb4 COLLATE utf8mb4_unicode_ci NOT NULL,
  `description` longtext CHARACTER SET utf8mb4 COLLATE utf8mb4_unicode_ci,
  `locale` varchar(255) CHARACTER SET utf8mb4 COLLATE utf8mb4_unicode_ci NOT NULL,
  PRIMARY KEY (`id`),
  UNIQUE KEY `slug_uidx` (`locale`,`slug`),
  UNIQUE KEY `sylius_taxon_translation_uniq_trans` (`translatable_id`,`locale`),
  KEY `IDX_1487DFCF2C2AC5D3` (`translatable_id`),
  CONSTRAINT `FK_1487DFCF2C2AC5D3` FOREIGN KEY (`translatable_id`) REFERENCES `sylius_taxon` (`id`) ON DELETE CASCADE
) ENGINE=InnoDB AUTO_INCREMENT=129 DEFAULT CHARSET=utf8mb4 COLLATE=utf8mb4_unicode_ci;
/*!40101 SET character_set_client = @saved_cs_client */;

--
-- Dumping data for table `sylius_taxon_translation`
--

LOCK TABLES `sylius_taxon_translation` WRITE;
/*!40000 ALTER TABLE `sylius_taxon_translation` DISABLE KEYS */;
INSERT INTO `sylius_taxon_translation` VALUES (121,16,'Category','category','Ratione natus vitae quis maxime. Veritatis ipsum sunt qui sed omnis ipsum omnis. Voluptatem repudiandae impedit expedita perspiciatis dolores. Non quo adipisci assumenda id enim debitis id suscipit.','en_US'),(122,16,'Category','category','At nihil corporis nulla eum rerum explicabo omnis. Sint aut est a consequuntur aut debitis voluptatibus eum. Nihil aliquid eligendi omnis. Fugiat ipsum voluptatem ut animi dolores provident.','de_DE'),(123,16,'Catgorie','categorie','Impedit et velit sed cupiditate similique. Voluptatem iure et accusantium quos. Quaerat incidunt mollitia libero repellat. Eum corporis et molestiae eaque modi doloribus porro. Et dolor qui porro quo.','fr_FR'),(124,16,'Category','category','At nihil corporis nulla eum rerum explicabo omnis. Sint aut est a consequuntur aut debitis voluptatibus eum. Nihil aliquid eligendi omnis. Fugiat ipsum voluptatem ut animi dolores provident.','pl_PL'),(125,16,'Category','category','At nihil corporis nulla eum rerum explicabo omnis. Sint aut est a consequuntur aut debitis voluptatibus eum. Nihil aliquid eligendi omnis. Fugiat ipsum voluptatem ut animi dolores provident.','es_ES'),(126,16,'Category','category','At nihil corporis nulla eum rerum explicabo omnis. Sint aut est a consequuntur aut debitis voluptatibus eum. Nihil aliquid eligendi omnis. Fugiat ipsum voluptatem ut animi dolores provident.','es_MX'),(127,16,'Category','category','At nihil corporis nulla eum rerum explicabo omnis. Sint aut est a consequuntur aut debitis voluptatibus eum. Nihil aliquid eligendi omnis. Fugiat ipsum voluptatem ut animi dolores provident.','pt_PT'),(128,16,'Category','category','At nihil corporis nulla eum rerum explicabo omnis. Sint aut est a consequuntur aut debitis voluptatibus eum. Nihil aliquid eligendi omnis. Fugiat ipsum voluptatem ut animi dolores provident.','zh_CN');
/*!40000 ALTER TABLE `sylius_taxon_translation` ENABLE KEYS */;
UNLOCK TABLES;

--
-- Table structure for table `sylius_user_oauth`
--

DROP TABLE IF EXISTS `sylius_user_oauth`;
/*!40101 SET @saved_cs_client     = @@character_set_client */;
/*!50503 SET character_set_client = utf8mb4 */;
CREATE TABLE `sylius_user_oauth` (
  `id` int NOT NULL AUTO_INCREMENT,
  `user_id` int DEFAULT NULL,
  `provider` varchar(255) CHARACTER SET utf8mb4 COLLATE utf8mb4_unicode_ci NOT NULL,
  `identifier` varchar(255) CHARACTER SET utf8mb4 COLLATE utf8mb4_unicode_ci NOT NULL,
  `access_token` varchar(255) CHARACTER SET utf8mb4 COLLATE utf8mb4_unicode_ci DEFAULT NULL,
  `refresh_token` varchar(255) CHARACTER SET utf8mb4 COLLATE utf8mb4_unicode_ci DEFAULT NULL,
  PRIMARY KEY (`id`),
  UNIQUE KEY `user_provider` (`user_id`,`provider`),
  KEY `IDX_C3471B78A76ED395` (`user_id`),
  CONSTRAINT `FK_C3471B78A76ED395` FOREIGN KEY (`user_id`) REFERENCES `sylius_shop_user` (`id`)
) ENGINE=InnoDB DEFAULT CHARSET=utf8mb4 COLLATE=utf8mb4_unicode_ci;
/*!40101 SET character_set_client = @saved_cs_client */;

--
-- Dumping data for table `sylius_user_oauth`
--

LOCK TABLES `sylius_user_oauth` WRITE;
/*!40000 ALTER TABLE `sylius_user_oauth` DISABLE KEYS */;
/*!40000 ALTER TABLE `sylius_user_oauth` ENABLE KEYS */;
UNLOCK TABLES;

--
-- Table structure for table `sylius_zone`
--

DROP TABLE IF EXISTS `sylius_zone`;
/*!40101 SET @saved_cs_client     = @@character_set_client */;
/*!50503 SET character_set_client = utf8mb4 */;
CREATE TABLE `sylius_zone` (
  `id` int NOT NULL AUTO_INCREMENT,
  `code` varchar(255) CHARACTER SET utf8mb4 COLLATE utf8mb4_unicode_ci NOT NULL,
  `name` varchar(255) CHARACTER SET utf8mb4 COLLATE utf8mb4_unicode_ci NOT NULL,
  `type` varchar(8) CHARACTER SET utf8mb4 COLLATE utf8mb4_unicode_ci NOT NULL,
  `scope` varchar(255) CHARACTER SET utf8mb4 COLLATE utf8mb4_unicode_ci DEFAULT NULL,
  PRIMARY KEY (`id`),
  UNIQUE KEY `UNIQ_7BE2258E77153098` (`code`)
) ENGINE=InnoDB AUTO_INCREMENT=13 DEFAULT CHARSET=utf8mb4 COLLATE=utf8mb4_unicode_ci;
/*!40101 SET character_set_client = @saved_cs_client */;

--
-- Dumping data for table `sylius_zone`
--

LOCK TABLES `sylius_zone` WRITE;
/*!40000 ALTER TABLE `sylius_zone` DISABLE KEYS */;
INSERT INTO `sylius_zone` VALUES (11,'EU','EU','country','all'),(12,'WORLD','World','country','all');
/*!40000 ALTER TABLE `sylius_zone` ENABLE KEYS */;
UNLOCK TABLES;

--
-- Table structure for table `sylius_zone_member`
--

DROP TABLE IF EXISTS `sylius_zone_member`;
/*!40101 SET @saved_cs_client     = @@character_set_client */;
/*!50503 SET character_set_client = utf8mb4 */;
CREATE TABLE `sylius_zone_member` (
  `id` int NOT NULL AUTO_INCREMENT,
  `belongs_to` int DEFAULT NULL,
  `code` varchar(255) CHARACTER SET utf8mb4 COLLATE utf8mb4_unicode_ci NOT NULL,
  PRIMARY KEY (`id`),
  UNIQUE KEY `UNIQ_E8B5ABF34B0E929B77153098` (`belongs_to`,`code`),
  KEY `IDX_E8B5ABF34B0E929B` (`belongs_to`),
  CONSTRAINT `FK_E8B5ABF34B0E929B` FOREIGN KEY (`belongs_to`) REFERENCES `sylius_zone` (`id`)
) ENGINE=InnoDB AUTO_INCREMENT=103 DEFAULT CHARSET=utf8mb4 COLLATE=utf8mb4_unicode_ci;
/*!40101 SET character_set_client = @saved_cs_client */;

--
-- Dumping data for table `sylius_zone_member`
--

LOCK TABLES `sylius_zone_member` WRITE;
/*!40000 ALTER TABLE `sylius_zone_member` DISABLE KEYS */;
INSERT INTO `sylius_zone_member` VALUES (86,11,'AU'),(89,11,'CH'),(85,11,'DE'),(87,11,'ES'),(84,11,'FR'),(88,11,'PL'),(93,12,'AU'),(94,12,'CA'),(102,12,'CH'),(99,12,'CN'),(92,12,'DE'),(98,12,'ES'),(91,12,'FR'),(100,12,'GB'),(95,12,'MX'),(96,12,'NZ'),(101,12,'PL'),(97,12,'PT'),(90,12,'US');
/*!40000 ALTER TABLE `sylius_zone_member` ENABLE KEYS */;
UNLOCK TABLES;
/*!40103 SET TIME_ZONE=@OLD_TIME_ZONE */;

/*!40101 SET SQL_MODE=@OLD_SQL_MODE */;
/*!40014 SET FOREIGN_KEY_CHECKS=@OLD_FOREIGN_KEY_CHECKS */;
/*!40014 SET UNIQUE_CHECKS=@OLD_UNIQUE_CHECKS */;
/*!40101 SET CHARACTER_SET_CLIENT=@OLD_CHARACTER_SET_CLIENT */;
/*!40101 SET CHARACTER_SET_RESULTS=@OLD_CHARACTER_SET_RESULTS */;
/*!40101 SET COLLATION_CONNECTION=@OLD_COLLATION_CONNECTION */;
/*!40111 SET SQL_NOTES=@OLD_SQL_NOTES */;

-- Dump completed on 2021-11-28  9:51:47
